date,title,description,url,publisher
2023-06-15,Earthstone Buys EnCap-Backed Delaware E&P in $1B Deal - Hart Energy,Earthstone Buys EnCap-Backed Delaware E&P in $1B Deal  Hart Energy,https://news.google.com/rss/articles/CBMimAFBVV95cUxQX3FCOEpaSmpkV0k0aHRHTEdCUUM3SGw3VDFXWmZtTU9BWkkwVmhGbHMtNTVCTUNjMFItM0lBUU1YTjZaREZhMDNUQzI5cklWOVpjeGUtT2RzSDFkMDdGSnJ1dmNZcFB4NHI3U2NGeFExXzdBcUUyWWN0alh3VUdVR2E0b3JiRlQ5UDlqZVhjcllpZHZqTTBmNg?oc=5&hl=en-US&gl=US&ceid=US:en,Hart Energy
2023-06-15,Earthstone Energy continues acquisition streak with $1B deal to grow in Delaware Basin - The Business Journals,Earthstone Energy continues acquisition streak with $1B deal to grow in Delaware Basin  The Business Journals,https://news.google.com/rss/articles/CBMipwFBVV95cUxQUVlTUUNScU5abnhqbV9YSTN2V1Y1V0FpaTY2QXJ1Zk1FRWhHLXE4VG5wbGJMSlg1Q2RuSmtCd0U0MndDV3ItTnBrQ1pmZTlpTTNSUThtLTI0SUhMOEtMQVVqbENyQTVPZ2dGdmt5QjJBbHpURUo0YmZZeU5PM3g4bVNwZVNCRGtrRFYzLW1ERXFISGZXbWZOUkNBVGVFbWxKZDRGVzh4QQ?oc=5&hl=en-US&gl=US&ceid=US:en,The Business Journals
2023-06-26,Let's Dance - Public Non-Op E&Ps Emerge as New Source of Permian Consolidation Funding - RBN Energy,Let's Dance - Public Non-Op E&Ps Emerge as New Source of Permian Consolidation Funding  RBN Energy,https://news.google.com/rss/articles/CBMiqwFBVV95cUxQRDdtVnJ2cktGQnA0eU1wX29XaUtMcTY3bmxsUFlTdUJ2RnhnanJoWHIyVlhoal83bm5ZM0RRRVl2SjdIUVhlQ21jbWk2TUhzeVl0LXJfdkZ1bnNUYV8zcXdlcEVnLVFFcFJWazNjOUQxcVE4WC03cmdLd0tNYjc4dEdvczhDWXd3TVdkVjJ2MVBLVE15UG1kOEhKRUZ2TFNyQmtWaE4yMVlCb1k?oc=5&hl=en-US&gl=US&ceid=US:en,RBN Energy
2023-08-01,Top Natural Gas Stocks for Q3 2023 - Investopedia,Top Natural Gas Stocks for Q3 2023  Investopedia,https://news.google.com/rss/articles/CBMie0FVX3lxTE5RS1RsNFlZa2RacmFLNFE1ekxMdjM3dEhGUERhYURGM2xsNXJJalNiemZSbDRaMVNKS2hKT2lSZkV5Q041RkNNT2FGcVhuS3pJYzRwZ1FVckNfbEIxS3lEeFVoTDNNTTltaDhIYVMyMG1tU25YT2REblJSTQ?oc=5&hl=en-US&gl=US&ceid=US:en,Investopedia
2023-08-04,We Ran A Stock Scan For Earnings Growth And Northern Oil and Gas (NYSE:NOG) Passed With Ease - Yahoo News UK,We Ran A Stock Scan For Earnings Growth And Northern Oil and Gas (NYSE:NOG) Passed With Ease  Yahoo News UK,https://news.google.com/rss/articles/CBMie0FVX3lxTE51YmtNSklkWkNsMDRoOXVKV054MEF4ZmFXVWlYQTZPWmZKWmtnUk43T0dDcEhvdU0zWTNvYWlGTGFELW9aU2NoM1d5THY4czkyMEk3UVRkMlpndFpSZ3JEUnIwRU9Jd09CaHAweVV5UlNrQmN5aWp6MEFJaw?oc=5&hl=en-US&gl=US&ceid=US:en,Yahoo News UK
2023-08-15,"Earthstone, NOG Close $1.5B Acquisition of Novo Assets - Hart Energy","Earthstone, NOG Close $1.5B Acquisition of Novo Assets  Hart Energy",https://news.google.com/rss/articles/CBMimAFBVV95cUxOVE92S0gzR0h4Qi0tMlFIeVpjdmpMa3plblpmNzhaWmFTSzZzN08wOW1SUDMzWnEzaUtEODdXVVluZEd2Z0w2R0M0UXItX05Hb1NiS3g5dUdxNG5LV29DbjFqdG1aZ3EwOUNpVUwwTng0djE5WUY2S3lpUWdWdVhjX1RLTFM2WEE2YnVfSWNnZWtvdFMybDN1aQ?oc=5&hl=en-US&gl=US&ceid=US:en,Hart Energy
2023-08-16,Earthstone Energy and NOG complete $1.5bn acquisition of Novo - Offshore Technology,Earthstone Energy and NOG complete $1.5bn acquisition of Novo  Offshore Technology,https://news.google.com/rss/articles/CBMifkFVX3lxTFBhbVdVaXBWX3BBY2NQeG1uTTcxZkhpUzloemoxWUYyT0IxT1lsOFZOS0FHcnkxX3loNVJTVTVKMVNyaGZUU2NoaGRuTV9hZ3RRc3k3QzVvSlROOFpQRHM1VWcyNFJaTkZKZVhidzNBeVVjSjU0Y1dOMzI1bDVoUQ?oc=5&hl=en-US&gl=US&ceid=US:en,Offshore Technology
2023-10-10,Q&A: NOG’s O’Grady on Facing Industry Reputation’s Formidable Headwinds - Hart Energy,Q&A: NOG’s O’Grady on Facing Industry Reputation’s Formidable Headwinds  Hart Energy,https://news.google.com/rss/articles/CBMirAFBVV95cUxPR1V2dnkyQnRWZTFFMm90Y1d0eldYOVZoeDgwN1NDX1paNUFXem5GOW1zWk40T05qaUJqSkhtZDZWX2ItSTJIazM4Y1h1c3JYZW5vVkdmRjRxQWdyb0R6bUFfMXhwQTBfWUk5RUJtc2NISnNQWnAtNGw1dUtqbDlud2tPUUFaMmQ2ZWF6aEtiS1NpaFpCSmlPeFk4TUh2Z3I4b2NPWDdBWnJqM2Zh?oc=5&hl=en-US&gl=US&ceid=US:en,Hart Energy
2023-10-10,NOG Announces Pricing of Public Offering of Common Stock - Business Wire,NOG Announces Pricing of Public Offering of Common Stock  Business Wire,https://news.google.com/rss/articles/CBMiswFBVV95cUxNWUxhTERldTFKRWFRekNzLVZFVDJKVDRtdDhoZnUweUlCRUdBMk9sMnhlWUlSOWU5NXN3YlZneWw3aG9hUk9JQ2pnckFlQjVpTThsQTFvOWQyZ05laDBtMmd2MVJrWGV6VTFIaE1Vd0NrdDlMZUVyZnZuTlo5Sm5FZ1lLWXpCRGxCVk5mVG1JNktFeF95OTg5WDlYcEdCUUwwQ29WWUVmcmpXeTg1ck9PcC0xQQ?oc=5&hl=en-US&gl=US&ceid=US:en,Business Wire
2023-10-11,Occidental's CrownRock purchase adds to deal frenzy at the Permian basin - Reuters,Occidental's CrownRock purchase adds to deal frenzy at the Permian basin  Reuters,https://news.google.com/rss/articles/CBMivgFBVV95cUxNZGROMUR6RHFtMk5xdEFxSGFqbU5DN3NVTnppQTRfNWpaRzZlQm9hUnhmRTg1ZU1FdFlfWEdJNFk4cHNoNnJkSmpuQmhVNV9hVHJ2V2x4Ty1HZ1gwTmVVT2FRd3ZXdDBjVTIzd2dfVDMtUGRackQyR3N3aVVFcVZ3Xy1uX1NvREgxZVZtV0ZzNGY1ejNQM1R6RFR0dTZoclc3emRRR012X0dFNTA0SV9DR0lTczN1YmhmZVVhRzhn?oc=5&hl=en-US&gl=US&ceid=US:en,Reuters
2023-10-12,NOG Schedules Third Quarter 2023 Earnings Release and Conference Call - Business Wire,NOG Schedules Third Quarter 2023 Earnings Release and Conference Call  Business Wire,https://news.google.com/rss/articles/CBMixAFBVV95cUxPSGRvdEdnVlR2Q1lJTEFEX24yWUxtWFctWWpBODN5QWhhbUhjVm1CWWMwUVdfb2wxRWxMU0NERUV1dnRQcUhqQ1M5UlRyZzR4MTFWNGNFTmpmcGhIYVp4NkliNGNxUGN6d2RuQkRCNUxVWnVpcVpYLXh3Z3JINWF5ZlpULTJ6QVlic0hNS0dQVkh0cHptVl93THl1UlVac0dWbWlfV2E2eXhUcC1jZlNidlMwN0FqWXoxYzRUcUVvNzVHZ3lP?oc=5&hl=en-US&gl=US&ceid=US:en,Business Wire
2023-11-10,"Exclusive: NOG's Permian, Partnership Evolution [WATCH] - Hart Energy","Exclusive: NOG's Permian, Partnership Evolution [WATCH]  Hart Energy",https://news.google.com/rss/articles/CBMimwFBVV95cUxPN1dGMWszZjZlMDVlaldRVHdCcllGR3F2S2N5OU1mX29PT0JrTHpaWG53WjAtTVQ4Vlp0MHdZVmxIaVlCTk5ab252eUgtMW9BaTEzaldrZUJqcE1zUEFCNlloV2NudEVsakdrai1TeURyeWJ1aFVOZkpHWUlIMkZCclJObGFVZ0tILWoxUjhERGZXZUlaSk5IMUl3VQ?oc=5&hl=en-US&gl=US&ceid=US:en,Hart Energy
2023-11-21,NOG Announces Bolt-on Acquisitions; Expands Northern Delaware Position and Enters Ohio Utica Shale in Appalachia - Business Wire,NOG Announces Bolt-on Acquisitions; Expands Northern Delaware Position and Enters Ohio Utica Shale in Appalachia  Business Wire,https://news.google.com/rss/articles/CBMi_AFBVV95cUxPbGZIZ29qZGZndFh5RkhGLXVnSnlfNDUyaDBrenczM2o2MFFlaEpBWVNULXZZQ0MyNzFMS04tNVN2Y2FUUzlFWGJqNnFxbnl5eTZzT1g2bjdyQ0VCUnlEcXRESWJvZ0p3WDNEdzlvSUxIWDU0RTdTeEhvOUlDV0E4eTRoNVcwdlpWODlXN3Azd21LSkRrU3EzUnJXc01OaEtXbTU4bWFWQi1lQ3N6VkpDVzJ4UlRlcEc3aDRabUVnZzRQbk5RM1I0Y2o0cTYyV01KOFVnZXNialdBdk1ETWd4a01uQ1EzelUxc1hPUkliUWRxaHl0cEI2b3R3bDQ?oc=5&hl=en-US&gl=US&ceid=US:en,Business Wire
2023-11-21,"NOG Enters Ohio Utica Shale, Adds Permian with $174MM in M&A - Hart Energy","NOG Enters Ohio Utica Shale, Adds Permian with $174MM in M&A  Hart Energy",https://news.google.com/rss/articles/CBMimgFBVV95cUxQd045ZnBQMDZUMDdJRF9XOExUaUJEd0RWWG5sczZWRHM3ZDZhcVVLeVkxQkVQbVlYazZfOGpqMGdsSWdnQnRtSEN3bDJkRF9yZUk0Njhhc0YxOTZHdlEwN0N4WFJfRzZXeXlITVhIRHNFVW44Y3MtOGh2cDBYbkN4V01LS0s2VFQ3QllDandqNWIxVXZ4TElXVkN3?oc=5&hl=en-US&gl=US&ceid=US:en,Hart Energy
2024-02-01,Record 2023 results strengthen the foundation for continuous growth - Ferrari,Record 2023 results strengthen the foundation for continuous growth  Ferrari,https://news.google.com/rss/articles/CBMiogFBVV95cUxNS2Rsa0Y2ODVlVE5hSTM4RVZGcnpqa3RtbXc2VDJGYzFJOFAwekdnUkRxRVl0Y25qSmRGYlFsaVBnd2VCek9CV0d2ZG5VeE9waFpRT29NNUd5VV9DRnByTXNFNzhvVFNPdnJ2azdXdGE4cktaUExiQ3hqVXFNcUVXVjlNU2owZjVXUFZhdEhjSldLTThQREItRzRaMzRPTmdWNUHSAa4BQVVfeXFMTWU5YjZvdnRJM3BKUTdacU13MVdEdWQ1MW9GV0pYZ1lCd21kUXBodlZESW5VNGpSVTJuT0Q1VjRHSzFnSEVaMno3cEY3RzNaV21kNjhjUkwyZ2ktWGw0TFZ4UExZT1RqYno5bFhkWlpLbVgzM2xkOHFDdWJiRDZZSm0yU1FJU1k1QzBGUTZKVnVuY1UxV1oxYm9XWUFSb1FORGp1ZmR0VEpoNHRMRE53?oc=5&hl=en-US&gl=US&ceid=US:en,Ferrari
2024-03-05,Former oil executive Michael Reger accuses Dorsey & Whitney of legal malpractice - Star Tribune,Former oil executive Michael Reger accuses Dorsey & Whitney of legal malpractice  Star Tribune,https://news.google.com/rss/articles/CBMiwwFBVV95cUxOaWMySk1BODJVTUxVSGU0dHhWUGlZdTlnY0RyZW5ROXhUaWJqSHQ5ZU5maGtDdkNxX0daT2todzQwdlJUUFcyN2prRDBxN0piMGMyVnd4MkRBYl9UZk4xaWFteWpJZTR6VHJ0S2pCUUdDNDRPNEhwLXVXZTh4dTd1NHZwZTJrRDVPM1QxbTN4c2RQR3JyMWh1Ny04VXNPeGNOLTczdHlqZEgxZE1TWERFTGEyOUVZZUZESUdRaVpreTd2dEU?oc=5&hl=en-US&gl=US&ceid=US:en,Star Tribune
2024-04-23,Novo Oil & Gas II Receives Equity Capital Commitment from EnCap Investments - Business Wire,Novo Oil & Gas II Receives Equity Capital Commitment from EnCap Investments  Business Wire,https://news.google.com/rss/articles/CBMiygFBVV95cUxPcVBZY1RBR0FqOTVsM1E4ZGVkcjVTUHIxbDItMUJKNlpHOUVXSG9YNmV4MS1RVWJ2QzQyREpXZVIxNUZ0YS1lRDQ3ZTE2MExBV2ZoSV9PeUhSSHExd1Ntdzh2QzBVS0ZLWU5BTXpyTnB0UmtJSU5CS1N3QS1EV0lxOWc1dUt4TDFQZVFxZEhkeWZWRnI4cUd3UmZpRHNCeENnaDRPY2ZEMTIwM05LdlVGcGdiZFVUd0FfbFc0NDd6UzNCSnNzd3ZWQWp3?oc=5&hl=en-US&gl=US&ceid=US:en,Business Wire
2024-06-27,"SM Energy, Northern Oil and Gas partner in $2.6 billion XCL Resources shale acquisition in Utah - World Oil","SM Energy, Northern Oil and Gas partner in $2.6 billion XCL Resources shale acquisition in Utah  World Oil",https://news.google.com/rss/articles/CBMiygFBVV95cUxNOEItTXRsT1FqVjFmV3ZzSk85Y1B2ZTk1Q0gyc0d4RDJtV1h2dW9OMjItcHRtQWFJTFFSWmtwdmtPc25hTGhNSVdGa09DYmM1WnpWalpLVmpUQ3g0eWk1VWI5UW94eFJiYVNyM1V3OFgwNm5PanBVaHRyN0o0bkVIOHVCRmxwTkxZdDRYNk9EVWlweFJjZHpWNFI5Szg1eHhRZFFIa2ozRERHeDdEVDVyNmNXRjF0TzFzcXRtRWxyOUpFcm54MkprZmtn?oc=5&hl=en-US&gl=US&ceid=US:en,World Oil
2024-06-27,"SM ENERGY ANNOUNCES HIGHLY ACCRETIVE $2.0 BILLION UINTA BASIN ACQUISITION, 11% INCREASE TO FIXED DIVIDEND AND RELOADED $500 MILLION SHARE REPURCHASE PROGRAM - PR Newswire","SM ENERGY ANNOUNCES HIGHLY ACCRETIVE $2.0 BILLION UINTA BASIN ACQUISITION, 11% INCREASE TO FIXED DIVIDEND AND RELOADED $500 MILLION SHARE REPURCHASE PROGRAM  PR Newswire",https://news.google.com/rss/articles/CBMisgJBVV95cUxNdlZnRF9YNV91V1hzY2hnenc5LVo3S3VxcW1DdnFtZ3ZzdExYdkJCZ2s4WU5iWU9vZUJZbjdUQlR6NHFqcUhQREhMOWdXN0oxWFdtdUNhTEdLallHT0w3OVNLUVotWDFGN0V3eTQ0aFhVM08xc0ZOSlhtcnY2VmFBLWg3cUlKUGhPQmpuNzJ2Qm1QTjE5QmwybmhZSWFDQ3B1WTE1YnRJZGxfOE5sOXp0MlVSR2RVZFQyUHU0SXpkR2R5a1c1OVp6SHJkS0t2SlZ5MWhNbkVqejJRX3VkRllRV0pkOEd4YkFnLXVnc1FMakhaT2JzVVEwNDh0VDVYUW1wTWJ3bkV6S3JxSmdJXzd3LVBTcFBOMldBd1A0ZzhzaE1XLXBmZTJrQzV3SU1HLThVSGc?oc=5&hl=en-US&gl=US&ceid=US:en,PR Newswire
2024-06-27,SM Energy to Buy XCL Resources in $2.55B Entry into Uinta Basin - Hart Energy,SM Energy to Buy XCL Resources in $2.55B Entry into Uinta Basin  Hart Energy,https://news.google.com/rss/articles/CBMimwFBVV95cUxNVGtmS0hsckxyZVFBc2JFNWozTVpOMl9JUS0yend5OFREMHZBQVBQaWxnQ1hUM3JZLXA1bTRudkpyRTJXV2l4SDd5NXhLRE4tOW9iVmQ4X3lxdFlYZ1QxcGFiX2xJTWlza1AtLTBidnpaNXpqdzduRHd0Mll0cTR3VTdhZXFUVFpKdG9HS2ZKUkswak9JeURqUUZWNA?oc=5&hl=en-US&gl=US&ceid=US:en,Hart Energy
2024-06-27,XCL Resources Sells Uinta Basin Assets to SM Energy - Vinson & Elkins LLP,XCL Resources Sells Uinta Basin Assets to SM Energy  Vinson & Elkins LLP,https://news.google.com/rss/articles/CBMijAJBVV95cUxQT05tSGhfU1VWX1BtRHBJdHNGRTNyenh1cFRsZnZDd1cyb3NwYkVRQ1hnMHUtMjdmdF94VFVmY1BBVURsR3BLTXBUcG1uMXRIS0d1Umh6WXozWk51VTNadHBwRFAwMDkzVzdOVU54YWIwcnlBaE04RDQ3M1RyYV9KYXBLLWlfbWxtN25YOWxmX0xBRGVlNmxRMExBcG1YLTRCZ3lqTUJ3RkhlajFJa3BSWkVhbHJCcUxGLUdJdER0YWdvTHl5cjNxMDl5OXgxaUJxWmxWaE55dEdMeS15S0xkQjBKd3FMUmVvWlI5czNxM1hkRkM0YkJHSWo2X1dQcDFXX1ozZEdROFlmNE1B?oc=5&hl=en-US&gl=US&ceid=US:en,Vinson & Elkins LLP
2024-06-28,Denver oil company strikes $2 billion deal to expand in Utah - The Business Journals,Denver oil company strikes $2 billion deal to expand in Utah  The Business Journals,https://news.google.com/rss/articles/CBMingFBVV95cUxOaFdxSjZtSU1LeDlSUkc0dS00cy01bTc1aVZGMzNhTUo5U2N3Vjh6RFJYbmVCdElxODFKVWgzUmlxWWlWcW9tbGdWWjZ3ejI5TTViVTZxalNuaFdXUHM3c2U2OWxjenZzSUhTVEctMUZuRGVSejFLdkNzT1lKRDVFVUNHeWJCbFp0bDZCZnZwQkZFNmJPcFJDam44c05IZw?oc=5&hl=en-US&gl=US&ceid=US:en,The Business Journals
2024-06-28,SM Energy and NOG partner to acquire XCL's assets for $2.55bn - Offshore Technology,SM Energy and NOG partner to acquire XCL's assets for $2.55bn  Offshore Technology,https://news.google.com/rss/articles/CBMigwFBVV95cUxPNTR2cVBmVWdxSUV1akpkV0k4THI0aVJuRTh6cVV3cndTakV4XzFKMzh4dldKbGx1eGFTWGZZYTNlU29qbzNmYW43blppdWZOdmJmdDdXY1BaX3JWbjFVYUFHLTU1eEk1akRoMXFHNU51VmZsR09wQjd4YjZjRmVYM1ZmOA?oc=5&hl=en-US&gl=US&ceid=US:en,Offshore Technology
2024-07-01,"Vital Energy, Northern Oil and Gas partner to buy Point Energy assets for $1.1B - Daily Energy Insider","Vital Energy, Northern Oil and Gas partner to buy Point Energy assets for $1.1B  Daily Energy Insider",https://news.google.com/rss/articles/CBMivAFBVV95cUxPbE13bFl4QXo3R2hPZ2ZmRDl2U296T2lCZVpDYUxJbTVfVUVsSWRhMUV1eUpSeGpsRnBfdWRhMFpRaENzVXhWYjNJSEtza3F4YnhlLTJwaTU3UFdlTmt2QVQ5cmZSczduTUlBZUVOZjBxUTNENUN0SjRMWHBlVTVJRE16aDFITTl0bXN5azE2aERHV0xwbXFYblhfclBPUXkwSUk4cThna0ZIU2R4cW1hRUlQX2V6U2IxVEhwcg?oc=5&hl=en-US&gl=US&ceid=US:en,Daily Energy Insider
2024-07-28,"Vital Energy, Northern to Buy Delaware E&P Point Energy for $1.1B - Hart Energy","Vital Energy, Northern to Buy Delaware E&P Point Energy for $1.1B  Hart Energy",https://news.google.com/rss/articles/CBMioAFBVV95cUxQTnNOS2lsdmlXd3lEanB3S2pnVnc3OURRcHlWTjhRa1puQUpfZ3dZQnZnaFQ4Qm5pZHNtQWh0akZadFZVRVpndXJ3ZmNRT1ZTc3VtOEtNR3dKR0k1VDM5NEJBYjdyc180RTJ1Y0tYQU5tMnItNDJCWFBUd19zVG9FZGNxOE44RXZqQXZwOElzaGhNODJoRHEtcWdTSVhMY0lX?oc=5&hl=en-US&gl=US&ceid=US:en,Hart Energy
2024-07-28,Vital Energy to Expand Delaware Basin Position Through Bolt-on Acquisition - GlobeNewswire,Vital Energy to Expand Delaware Basin Position Through Bolt-on Acquisition  GlobeNewswire,https://news.google.com/rss/articles/CBMi3wFBVV95cUxQTmNMMUFiN2JQYjFjbjg4YVRHQ0lXT0h6SEFDbEJVdUZfbDExR3BhNWhoQ0Q5THNOVFpqQ08tQTBZZlJNTm04V210NVB1cFhKT3hDVFNNZ0F1UFlndFEyX0lBMU1YbU9rMlZhdG4zMnl1YjE2TDhtSERNblJ2ZUxJMFJ2cTJUdkxSc1lEWmY2bk9Xc2dDQ1VfRk16YUZMdy1VZ092eWVwNjNZX25fTFFvcnh0ZTdiREh3NnMxU3NaY0VrUEctbzN0d3FZajVIblYyZ05XTVNmTXB1V0RUNndZ?oc=5&hl=en-US&gl=US&ceid=US:en,GlobeNewswire
2024-07-28,NOG Announces Second Joint Acquisition with Vital Energy in the Delaware Basin - Business Wire,NOG Announces Second Joint Acquisition with Vital Energy in the Delaware Basin  Business Wire,https://news.google.com/rss/articles/CBMi0AFBVV95cUxQTjJQQTVScEZ4STI3clpyb3Y2SDZ6c2hpWm1saFk4N3ZIREtNb2FCYVZTMjVKMDBsZkxVNUk2ZUhNUjcyeTFLLVdiZVk3Q19RYVE1ekN3ZVMxN1BrT3ZGZjdtOFZkcTR4LUdiN3laRWc1cW1hVXQ4R3NmSmNlczJaR1NyNTQzaVhBLTF3OFJlV0xfTThKWTJPUmJUZEpzczIxSlJWcnpWY3RBem5OMXlMdk4zNEpkMjB6dWJDOGlfcTJsVTlhUUkyTDZLTW12M3M3?oc=5&hl=en-US&gl=US&ceid=US:en,Business Wire
2024-07-29,Vital Energy joins Northern Oil and Gas in $1.1 billion acquisition of more holdings in Permian Basin - Oklahoma Energy Today,Vital Energy joins Northern Oil and Gas in $1.1 billion acquisition of more holdings in Permian Basin  Oklahoma Energy Today,https://news.google.com/rss/articles/CBMi1gFBVV95cUxONmlxVmxVRVBGZFM4ZkRSaFFPY1dKRkMwdTRIOUMtbGFfaWY2dDU1SF9xdkt5V2hUWG5EcTY3V0VYbjVJb1ZKbXpEUmJPeFc0V3luTE83ZVF0ZGlZZklLMHhaTHNpS3NWN0o2YjFuSWRJdGN3bmV2alNPVmw3bjBnMXplLXFYNWVHOXE0RXl4RDR1M3dNcXRDZHBFTmFnYWx4RGVDOUtDeXRQQ0ZfWjZveWliMlFBMVFrRy1CUnIxSUxpb1dqajFDUmtaM3ZlejRDY1c4VGFn?oc=5&hl=en-US&gl=US&ceid=US:en,Oklahoma Energy Today
2024-07-29,"Vital Energy, Northern Oil and Gas buy Point Energy shale assets for $1.1 billion - Reuters","Vital Energy, Northern Oil and Gas buy Point Energy shale assets for $1.1 billion  Reuters",https://news.google.com/rss/articles/CBMitgFBVV95cUxPaFpwZzd6WEZ6VWxUZWZXYjlNcmpWR3J5OENVQ0JaQTV2OGRYelFTOUs2NzRwT0xSQ1FvN0p3TDVjQ29Zc0w2VEV0alRnY0h5NUliVTNfV0FndjNWdlplbXA2bXB3cjdfdWpCand3UTMzRndvOEk0LWw2NkZqQjl2WEtVR2NDelNINUZiOEpXckVtZGFzc1Qwcm1LaFBNTU0xd3JtVmVhSVl1UDhPSjRJYThaZ0xuUQ?oc=5&hl=en-US&gl=US&ceid=US:en,Reuters
2024-07-29,"Vital Energy, NOG expand Delaware Basin footprint with $1.1 billion Point Energy acquisition - World Oil","Vital Energy, NOG expand Delaware Basin footprint with $1.1 billion Point Energy acquisition  World Oil",https://news.google.com/rss/articles/CBMixgFBVV95cUxNZWpfSFdJYzcxUEd1N2J3Zm5vbmVvdVo4QmY0VkxJRUR1NGNzZ2YtYWRpcGQ1TkpUZ0NxYlY1ODFvVzBXWWNINHA3OTc1YUF3MVgyRjZXYUduRld2ZlIwTlF1MTNYRjRHWVdYRTU5RTFrbHBZZG9uTG54YzJ0OHBuRTFJeVBsV0xERVZhQW0tTHp3QkZ4dmMySHRUSVdIS2dBTUx4OEhkYWNGTUdjZTdkZXQxSVVrY0M3SFlCc0g1SXpENUk5SGc?oc=5&hl=en-US&gl=US&ceid=US:en,World Oil
2024-07-29,Vital Energy and Northern Oil and Gas to acquire Point Energy’s assets for $1.1 billion - Energy Connects,Vital Energy and Northern Oil and Gas to acquire Point Energy’s assets for $1.1 billion  Energy Connects,https://news.google.com/rss/articles/CBMi0wFBVV95cUxNY2ZUUWZsX1NKT3ZzTkl4UzBfVzBOMXl1dWYtdFpWZURfLTRQNHhRbEp5MW5HTGU4NEt0ZVJIdlgyanh1YU5NenNNZW5UQVlHWWx5cHVtRm9VU08zaE9kVTQtc0tmeHBNNFJfNHlZeTd6bXhYOWdMNXVjdFJJNnpOdUlUNDl3d3BIY0RKY0twWUtWQ3lUaEVWejVxVE03X0NtLWJ4MVZhU0QyNUFFNW5BNUJSLTIydkFLZDZqSHp5cFRQZV9YVkZ1MklvcVp1cGJMR2lF?oc=5&hl=en-US&gl=US&ceid=US:en,Energy Connects
2024-07-30,Akin Advises Point Energy Partners in its Sale to Vital Energy and NOG for $1.1 Billion - Akin Gump Strauss Hauer & Feld LLP,Akin Advises Point Energy Partners in its Sale to Vital Energy and NOG for $1.1 Billion  Akin Gump Strauss Hauer & Feld LLP,https://news.google.com/rss/articles/CBMi2wFBVV95cUxNV1pFdlIyR2hGWHNXUll6T1hRdjlTTjlkcjJQampxYVpTbGpINFV6ekVuVzhXd01XTkd4aTZnNWFNWjlsQXZVM2twSmMyTkFjNjYtYUt3dzFWdm5lYnBKVGlfUHdIZUZZN3lhODlFdUpvVEktazB5LXpCSF9tUmhKZ3FNZU16dEoyN05OcTVRNUd5dFQwamxTcUdDbkNwVGdIQ1VJQ2RkaEd0dTcyTzcxRjh5MHlSY181VjdyVDIxWXF0dHhUNXk3VXh2M0prSTJJYkI4XzIweGdxWU0?oc=5&hl=en-US&gl=US&ceid=US:en,Akin Gump Strauss Hauer & Feld LLP
2024-07-31,"Vital, Northern Oil snap up Point Energy Partners for $1.1 billion - Midland Reporter-Telegram","Vital, Northern Oil snap up Point Energy Partners for $1.1 billion  Midland Reporter-Telegram",https://news.google.com/rss/articles/CBMikgFBVV95cUxPQXB4QVZ6cmNZNXpBWkRnX2J0OURuY3I0TmswcWMxRE9YQkxYTzRzblktOG1famJCWVBtSElBUkFiTWVHdHRWakF3TjRBNmlURkN5TGNkZUkzdmJXWHkwZXhGcDBNenRzcllYbWNTa2hMZ1hwZHQ4eE9Uc2RuR1l1RHAtM05zbjFDVXdPMENGRS1OUQ?oc=5&hl=en-US&gl=US&ceid=US:en,Midland Reporter-Telegram
2024-08-07,"After $2.55B Deal, NOG and SM to Buy More Uinta Basin Assets - Hart Energy","After $2.55B Deal, NOG and SM to Buy More Uinta Basin Assets  Hart Energy",https://news.google.com/rss/articles/CBMioAFBVV95cUxOVENMMXRpb1NlRl8ySlNrdmtpdV9MNHU3RDBJZkw2bkluS1FhcnhmTUlvTkY4RlVQX0R0RkVvbXpFaDhWcTdLUjhxV1VuTFRtU1k0WEczd2JocnZDdXVOVDFpUElhcmxoUUtNQXpDeWlZWld0dFVTVUdIQmloWFNSam9wY1lQTGcxTzBZa29iMjV4ckFOQno3THU0cnc0WktE?oc=5&hl=en-US&gl=US&ceid=US:en,Hart Energy
2024-08-21,Minnesota’s Northern Oil and Gas makes over $5B in deals as North Dakota boom wanes - Star Tribune,Minnesota’s Northern Oil and Gas makes over $5B in deals as North Dakota boom wanes  Star Tribune,https://news.google.com/rss/articles/CBMinAFBVV95cUxPeDZpOXRYTTJuNElqQktCOUFtU0hZSUQ3YkliS3NPNFZJQW9FRG1oS2xwSDAyMDlkQnhyalROYXZtUVRMOFV2VEFBNnVUNmNWeW5aTkluaFdjNDdwNlNwOW5nUGtVd1N0OUtHaEtoNTdTbzdYRTZ3TVBUWmNQUVc4OGVjM1JBa0N4MThWcExmb21VSUZMVG9qWTFWNms?oc=5&hl=en-US&gl=US&ceid=US:en,Star Tribune
2024-08-27,"Building a Better Non-op? Control the Purse Strings, Executives Say - Hart Energy","Building a Better Non-op? Control the Purse Strings, Executives Say  Hart Energy",https://news.google.com/rss/articles/CBMipwFBVV95cUxOdm40c0VCYzVDbjlSaTU5cGpUdTBHNy1iRWt2VmdaN2hSTlJoUnlKNF9HRmE0UEFodVVPcEF5NXV4bFoxeVpKOWhyTUtzeFBfLWFVeXlhRTJlX0hwekJfRnd6bkhiN0o0Nm8yM1g2Q243UHF6VkxFVV9vMGVLejFrU3Z0bkRQaTRDS3N3cWdBMnFQYjBBZm5pc0RWdmRDYmEzSVEwNXB1SQ?oc=5&hl=en-US&gl=US&ceid=US:en,Hart Energy
2024-09-05,"Non-op Rising: NOG’s O’Grady, Dirlam See Momentum in Co-purchase M&A - Hart Energy","Non-op Rising: NOG’s O’Grady, Dirlam See Momentum in Co-purchase M&A  Hart Energy",https://news.google.com/rss/articles/CBMiqAFBVV95cUxQMVAtRW9GVGNzdWtMYUpmMFB5NTdqREplWHdTVmJBWGZ6OFpjSHViWjJWSzBUV0NwcHFZWmxkeEFxMFRnVkQzSmR1dVZNWnR4NlZpZWJYRkFsbW9xSmljcGpIdDVWRTBGNnhyYS1VR1N3ajFBdjBoa28yQ0hyUDZ2S0p2a2szTmFlcUtJclpjWU9DRzJqU014ZXZ4RTVlWHMwbW9IZDNOa0s?oc=5&hl=en-US&gl=US&ceid=US:en,Hart Energy
2024-09-23,NOG Closes Point Acquisition - Business Wire,NOG Closes Point Acquisition  Business Wire,https://news.google.com/rss/articles/CBMijgFBVV95cUxNT1hjbmIxZElhMHJvS0dFOWtRdTRKNVktZWRJNEJoQ0JTNndHWTFteUhWdmNueVJkejJob05SbGdTamtRNHZSdUhiUlBTQm9oQWk0eVVzQzRVdGhLYVBvQm5pa0NxN1BfTlVTZjk4VWQzVEtKbzAxUEl2b0oyNVpuc0M1R29DbVJqdFJTTWpn?oc=5&hl=en-US&gl=US&ceid=US:en,Business Wire
2024-09-23,Vital Energy and Northern Oil and Gas acquire Vortus-backed Point Energy for $1.1bn - pehub.com,Vital Energy and Northern Oil and Gas acquire Vortus-backed Point Energy for $1.1bn  pehub.com,https://news.google.com/rss/articles/CBMiqAFBVV95cUxNa1lVZ3FNTFE1MEhqczdYVkFhd2Q2VzdNQURVb2M2d1pYc3kxQnFpblFUVE9XdGRsMHdQOEs1ZDNKZXhfd21pWDdnUHg3OEtSbERLV19Sdm5adFlwQVJZeC1BalR2LVJyRVFMZFJQLXNtaUVhekNRMldoZkR2Uml2THlDTUJTUFZUOUFMQkFBTkhSMDlCdzA1di1ZaXpQUG11aFA0MFVVRWs?oc=5&hl=en-US&gl=US&ceid=US:en,pehub.com
2024-09-23,"Vital, NOG Close $1.1B Acquisition of Delaware Basin’s Point Energy - Hart Energy","Vital, NOG Close $1.1B Acquisition of Delaware Basin’s Point Energy  Hart Energy",https://news.google.com/rss/articles/CBMiqAFBVV95cUxNQW5wbnBCRm9ja1V4cUduZ2RhT2VuM1VSeEpiSXZvbU14d3dBd0N0Ty14QjVuWC11NGVBdFZHOWRzSmJtc3VaQlp4emxqUzFBNlRQS09TVFNsRGc3YVdJLTUzRmRqZ0VibGZucTFhN1QwWnMxM0VzMk8tQ3ZQU1hMMUQ4b2xkX3N4VnhEUW5jT0w1WkRsNkY1dlNYbkVwWFlJNWl2SnUwV3k?oc=5&hl=en-US&gl=US&ceid=US:en,Hart Energy
2024-09-23,Point Energy Partners II Completes $1.1 Billion Sale to Vital Energy - Business Wire,Point Energy Partners II Completes $1.1 Billion Sale to Vital Energy  Business Wire,https://news.google.com/rss/articles/CBMixgFBVV95cUxPNFo1RUZoUTAzaEEwdkNDMl9xM1NqWmJ4aEg2QWJyeklVTEF5eEhwVTh3RGR2ZTRhZlZlQ3RpQVU2bEI5Wk9vZW1jUERsSVlXZ2hYMFBOUV9iVFRJdnBzOE1nbWdkS1lBVC1NcE9kSm4zQjhFOEJFMzFXdGpyWVFJRi1EajZEd2lzbzZzcmxxY2NZcnRlcmZ6V1puSjBGNk1CdE1wTTQ5LVpVd3ZXdTEyWU9PMEtXUGxPcjVVR0JETWNpWHdWLXc?oc=5&hl=en-US&gl=US&ceid=US:en,Business Wire
2024-09-24,Point Energy Partners II completes Delaware Basin assets sale for $1.1bn - Offshore Technology,Point Energy Partners II completes Delaware Basin assets sale for $1.1bn  Offshore Technology,https://news.google.com/rss/articles/CBMibkFVX3lxTE9HekRXNXBKZElOLS1oUGtrR1FlZUN3WHpBMGZHUVVPZVR3WVFOSjJsUHpxNWFxdExmQmJUaEJQRC00aVF2Z2JkbDFHTlgwamdUMmtZZlFKY0dzRFZPUlBhcXlZMTEwWjczWk1oMEp3?oc=5&hl=en-US&gl=US&ceid=US:en,Offshore Technology
2024-09-25,"Point Energy Completes $1.1B Sale to Vital, NOG - Rigzone","Point Energy Completes $1.1B Sale to Vital, NOG  Rigzone",https://news.google.com/rss/articles/CBMiowFBVV95cUxNZjVTUDh3VUVLMENpVzJ6OEMxSU9lTmhHUGw3YkR3VTByT0dHb3R6WWF1bGlBVUhsbHZLQTBEUFU3ekRjS2J5Z19naG9fVWQ5OUpUUGxSZWJ0LW5PM2RiU2N2WF92cUl1THJKa0FvMXBVT1hqUzJvaU5TakNKbm1IckxqSy1GcjgwbmtucnNSdFBFdGdTR3Z3THFybTJFVFFfZXF3?oc=5&hl=en-US&gl=US&ceid=US:en,Rigzone
2024-09-26,Vital Energy and Northern Oil and Gas complete takeover of Permian Basin assets - Oklahoma Energy Today,Vital Energy and Northern Oil and Gas complete takeover of Permian Basin assets  Oklahoma Energy Today,https://news.google.com/rss/articles/CBMiugFBVV95cUxQYmxldjJVSkVJNEp1Mm5WWmhia05lV2N3RDNFMTNac3MwMzYxcGVvT0xCOThHNUFPZ0ZTN1Z5WmdTNWdOeXZwUC15TWJUZFdLei1rc1FJeXVkNmVVamV2U2lSTWFHaHRjS0Zfc2VVTWljWkpZc014emFmSVVUZ2xEZ3AtOUpValBNVEdqTlpHTUU1WWs0U0xWR3pMUlZiTFpsd1dfVFFtRFVDRlhLaTdTLXBXSDQ2YU5vdnc?oc=5&hl=en-US&gl=US&ceid=US:en,Oklahoma Energy Today
2024-09-29,Top Wall Street analysts prefer these dividend stocks to strengthen portfolios - CNBC,Top Wall Street analysts prefer these dividend stocks to strengthen portfolios  CNBC,https://news.google.com/rss/articles/CBMitgFBVV95cUxQN1FyU2tDOXhwRG9FQzNKWGQ3NE5ZWHVXNC1vM1BOMGxxS21kQ3RwaHplc0FGZEdTY0ZpMG9oek03ZXFrYm5fS01wM3N3cHFDME4zTHp2OXYtRzZsMmd6TU02RUFYTEYtcDdlVTJXSzhtWXkweFp4dlp5LWQ5N3pWb0xYUWRHQkFSQkdlZVU2VkVXbG9DRWhRYjBaZFpxeUhfX3B6ZVR4cTZwQ0VLY3VCc3RKYW9SUdIBuwFBVV95cUxQZEZMR1JFOHFZdFctcGpmNW1DWDRTZXVFMTRGeFptS3l0eUpHZXdSVTlpc3V4akFFbTVZZWprYXJlVU9pUlhhSGlrTlU1dGNVdF9rYlZ2TzFQbUZmVGNlMjNJUVFZOUJUaE1wQmQyT1BTNDZvSTlMWVNaTVYwVnNTUTF1RGVNRVFBMXp4MjRoYXVkR2hwMmhOczRpaVdFU2U4R0J5UVhtNzktLWtqSDF1NWUydjkzV0xzNUFz?oc=5&hl=en-US&gl=US&ceid=US:en,CNBC
2024-10-02,"SM Energy, NOG Close $2.6 Billion in Uinta Basin Acquisitions - Hart Energy","SM Energy, NOG Close $2.6 Billion in Uinta Basin Acquisitions  Hart Energy",https://news.google.com/rss/articles/CBMiogFBVV95cUxQZlNzdklsQnJaSzg5QkxmMV9vTlhoV2RQNnhyTmcyZUFmMnJ3bDVYSmJCRmN1U3V0bHI3OU9YcUstcUVvUVVXSlhkMGlmc20yZ3AwYU82OXU2ME1wZjNTNGMzaGRic1JyLXJsRjVkeUNwWl9HVzJJVGlaeVdDVzdVaFhuT2xyR3Job2RsMFFkUnBSYTN6QUJ6SmVQVERPYkRHT2c?oc=5&hl=en-US&gl=US&ceid=US:en,Hart Energy
2024-10-04,"SM Energy, NOG Close Acquisition of Uinta Basin Assets - Rigzone","SM Energy, NOG Close Acquisition of Uinta Basin Assets  Rigzone",https://news.google.com/rss/articles/CBMirwFBVV95cUxOQk1rMWs1eXRVb2FPMVJmRXRIcmRSb0o4MzNDV3RsaUtWUGpESlY5WU5ramhaTVVpTHRIUEJzYUlyTm1PbHREWUZyVnJ2QlBGdG1HN1V4V3hnaTluV2NtVk0yX21mZ3E1a0JpcnBCRUFreWhsMkMzM1kwOTVpV0FvSVlxejcwa0hTdDV6bmdadGlscmt3bGJJT2VEaDlNb0c2TXo3S1JMTUFwNHJ1cWxR?oc=5&hl=en-US&gl=US&ceid=US:en,Rigzone
2024-10-08,6 Most Undervalued Stocks To Buy In November 2024 - Forbes,6 Most Undervalued Stocks To Buy In November 2024  Forbes,https://news.google.com/rss/articles/CBMimAFBVV95cUxPY0l5YjE4dXRnWm5vLW9KNWctQUFLQ3k3UTY0TEtXUDhPdmtRUERfQk8yaGxDY3g2OWVDMmpxb29yUnVjS3IyVElJYmZXX1FlNkFLX1pJWGhPQnJScDU0Z01taU9IUHhlLTRxTFNqbVFNQ2R4aG1qUU9xT0RvT1BaYkZVY2JCRVg2dFc0QXc1SHBrZzkyeF9Ydw?oc=5&hl=en-US&gl=US&ceid=US:en,Forbes
2024-10-24,Northern’s O’Grady: Most of ‘Best’ Acres ‘Already Been Bought’ - Hart Energy,Northern’s O’Grady: Most of ‘Best’ Acres ‘Already Been Bought’  Hart Energy,https://news.google.com/rss/articles/CBMingFBVV95cUxPNFhRQmQ1d2VKSUhNUHF5N2l0ZF92S1BkYnB4dGJabGpmejM2aFFpc1U5SWVFai0wR204Skx4UW5XUG53Z1dIbDNLa01reUxvQkxGc3RPcEh4alJodnRNa3BVd2dMc2JobzR4Nzh5OXV5bGpGUzYxU08zd25hendjZF9kU1lteDhyLUl3LVAybnJsak5zN3NNUWozbS1RZw?oc=5&hl=en-US&gl=US&ceid=US:en,Hart Energy
2024-11-04,Berkshire Hathaway is dumping Apple stock and building its cash stockpile to record highs because Warren Buffett believes the government will raise capital gains taxes soon - Fortune,Berkshire Hathaway is dumping Apple stock and building its cash stockpile to record highs because Warren Buffett believes the government will raise capital gains taxes soon  Fortune,https://news.google.com/rss/articles/CBMipwFBVV95cUxPdU5HZkZzMGxuSlQybVFvZjFFU3lZczhLUDJaN2dWeFNHbExNVGo3M2ZvSGxXcmVIUjBRb2pnRnRmb04wYTRrV21FOGloWk5XYzBCZzlzM1MzZ0NZRXZ0azJJVUowWVpxWXZVRzNxcDhHUmFScGRqWkJRMzgydjk3ak9MUUdWQkRONXpKcGlKLUQydHloUWlSdHVUNm5HZm53X0NfMElmYw?oc=5&hl=en-US&gl=US&ceid=US:en,Fortune
2024-11-08,Cabinet advances proposal for northern oil export restart - Iraq Oil Report,Cabinet advances proposal for northern oil export restart  Iraq Oil Report,https://news.google.com/rss/articles/CBMioAFBVV95cUxQeVRZdlFIRUUtWm1Gd1hiMFNLekpZa3VQYTRsM1p0dE1NY09ZVWRTT3VBelVFdmlKWVY1bTFaSWZxcmVCU0lOWTY3NjJrMWhRSVJuMThOLUFhejllMG0wRGk3RVptNGtEaEpmdGN2SVBQR01EVDJaZkxnOWUxVFNkdk5VNndHejZLdHhfbjd6R1BJN3dKdWNoemg5SlBvZkJ1?oc=5&hl=en-US&gl=US&ceid=US:en,Iraq Oil Report
2024-11-13,"Ridgemar's owner explores $1 billion-plus sale of US oil producer, sources say - Reuters","Ridgemar's owner explores $1 billion-plus sale of US oil producer, sources say  Reuters",https://news.google.com/rss/articles/CBMivwFBVV95cUxNUjRjXzZEd1B4clB5UmxGanNEendTYzNPS28tYnBORjU0S2hZa3BOaEdURmliTjRPeGR4dWhfdFgyalpQOXNWaGpQYktyelhUOHFpNWU2d2lxNm1zdy1wamZYa1pWR1lmODkwZjAyaG5ic2dFYnJ0MnB1YVQ5M0xLYmNQY0JFWV9SZ1p1RHNjTkRhemRfb3prWkhCUFZBV2k1WFo5WTBEUzF5bWNWTjN5MjhPSnZxdm8zS3pudGtXTQ?oc=5&hl=en-US&gl=US&ceid=US:en,Reuters
2024-12-13,Northern Oil and Gas Investing $160M in Marcellus/Utica in 2025 - marcellusdrilling.com,Northern Oil and Gas Investing $160M in Marcellus/Utica in 2025  marcellusdrilling.com,https://news.google.com/rss/articles/CBMiowFBVV95cUxPZk4ySHNuZ1VSZEtObVh3Tmh2bExROU9JUnFXaW5FQlQwbDZ4eVJZM05lVzBJdXBIbjRIcjBaSG5pLTRTLU1ZdmhMVUxoSDBYcUY4Z3dmYVhyRWJOSWZTTFpvWDNTQmtRN1JTZlRZN1lSbW9GZHYybWVhNEF0N3ZLamxrRXZmd1VHbDh6TUg5YldWTHk0WDl0WUVwVUdFd2FHUzhn?oc=5&hl=en-US&gl=US&ceid=US:en,marcellusdrilling.com
2024-12-20,"Exclusive: Northern Oil and Gas in bid to acquire smaller rival Granite Ridge, sources say - Reuters","Exclusive: Northern Oil and Gas in bid to acquire smaller rival Granite Ridge, sources say  Reuters",https://news.google.com/rss/articles/CBMiugFBVV95cUxQQVZFSHl0aFJSVmZxbmdiTzF5WFBzcUgzOUhSLUtnLVMtdUdPSGcyc1k0MUN1eHdKU0x2SnFjMFlSdTllT3ZvNUZyYXlEOTI2a3ZhMzJyRFhUUnlvQ2ZsaHVJNzF3V2J5UkhtOEpFYVFFVDVDZVhTd1ZMY1FtODNyQU5qNm5KMktiVmtWaktkU2RaNEhMV2lMeXpwX0pUY0pxak9qeUNnU29CNUV1LXJOSmFHcmxBdHpLQ1E?oc=5&hl=en-US&gl=US&ceid=US:en,Reuters
2024-12-20,NOG Responds to Reuters Article in Regard to Potential Business Combination - Business Wire,NOG Responds to Reuters Article in Regard to Potential Business Combination  Business Wire,https://news.google.com/rss/articles/CBMizAFBVV95cUxNcDdLOWlkcXFQQk00N3FyNFJQTFBqMUJLQi05U3R0LVlNQXFfbmNBbFI0SmVzbFp1U25NRURUMWw5NEkxbVg2VEIwaGhVSlRNOTZJVFlhcGtRWWE4ZzUtN0Y4OXQySm56UVEyOUlEQmM4SUJSZTE4bk0yVUVGZ09SaXZuTFp1bmZlX2FHT3ltOXhMNVE4ak1rNjBveG1tSmJONFhpNFdfYmhhVjhaWkZwdEFsVzNLRHdYU3pEQnJRZXpnLVduSlVYX1FMVVQ?oc=5&hl=en-US&gl=US&ceid=US:en,Business Wire
2024-12-23,Northern Oil and Gas pursues acquisition of Granite Ridge Resources - Yahoo Finance,Northern Oil and Gas pursues acquisition of Granite Ridge Resources  Yahoo Finance,https://news.google.com/rss/articles/CBMiigFBVV95cUxPdmZhUGlNaDVsd3A2TVNEYWtkWlphcW8wMUNBOXdaaTFuWENMNzZjVU9PLXdDQlZmS3VzV3lIRnVOMmRWTnVzZk5aV0VfYnZrWXJPVzFHWDRkeFROMXNwYlEyTnl4ajg3ZU9SWDNRSFViVlYtcC1xdzZtb3pDcjJ1aTc0TzNMdmhpVmc?oc=5&hl=en-US&gl=US&ceid=US:en,Yahoo Finance
2024-12-23,NOG: Company Not in ‘Formal Negotiations’ to Buy Granite Ridge - Hart Energy,NOG: Company Not in ‘Formal Negotiations’ to Buy Granite Ridge  Hart Energy,https://news.google.com/rss/articles/CBMinwFBVV95cUxPZVYyUjk3NGNNd0p2ZHQxZkVOX01nS056cFlOXzhZQlk2Y1FudFBYQ0FoMXhqV1M2M0VWSlllRG0xYWZPYXNlXzZoZjhKM0UzRU1mSTBMNnZQQ3I3NUg0U1MzREpXdHlJN3k5SzRvTzlWSlo4S3F4TGx0eDVscldaM3lHRWZJRkpwVVhObXVCSDV0RlN0R213MDZUY2NyWms?oc=5&hl=en-US&gl=US&ceid=US:en,Hart Energy
2024-12-23,Eden Prairie’s Northern Oil and Gas takes unusual step to deny rumors of high-priced acquisition - Star Tribune,Eden Prairie’s Northern Oil and Gas takes unusual step to deny rumors of high-priced acquisition  Star Tribune,https://news.google.com/rss/articles/CBMimAFBVV95cUxNVGVkRXNrYk0wUF9WUmQyUVFyenVCeGljemNQSWhvUnZnOXhIYkJrajZHeXNiUm9Rc1U1Tmllcjl2SEZYQzhaYUlFMFduSmZ2OERzSEN0X3gxVjQzWFZ2cm8xcVppRF94Mmw0T2Fxb0lYNXlPRXZKMkZrYVZPdXpidjJfNWR5eUM3RnNRQmFQY19BRjdaOWZKWg?oc=5&hl=en-US&gl=US&ceid=US:en,Star Tribune
2024-12-23,Northern Oil and Gas makes acquisition offer to Granite Ridge - Offshore Technology,Northern Oil and Gas makes acquisition offer to Granite Ridge  Offshore Technology,https://news.google.com/rss/articles/CBMihwFBVV95cUxPMl9yZjE2Q21SS3ZPZW04VXcxelQwMzdHQldyWlJNN2xGdmN0WjJtVm5OcWo4TWJjM250c0ZKenJXMFRlSnFLU2lEdW5sYkFmaVk1X211R0NQNjNLejhxNGxEV2xHSTFuY0FYX3E3MVU3dEpkS2d3X2k1MnlUbFF0VlVCQlFQemM?oc=5&hl=en-US&gl=US&ceid=US:en,Offshore Technology
2025-01-07,Biden extends oil and gas leasing ban in Alaska’s Northern Bering Sea - Alaska Beacon,Biden extends oil and gas leasing ban in Alaska’s Northern Bering Sea  Alaska Beacon,https://news.google.com/rss/articles/CBMiqAFBVV95cUxQN0dyUzdJOWo2OXhFV0V3cDYxQ1F3dmgxOXlCVk4wcm1HYUZpRi1DYmRJWFEyRENSU2VwSXFwbkxkTW1waEUwT2JHRGtRZnlNekFmSWxNWUhMZmlYbEpRWlhGU0gzUmhPTlpJMVZPbmFKZm1NV3pwcWJZamFTU21yTDY1bTlGMTNVeGNZX2M1N29jOS0tNlI0b05sLUgzU2hxRnBEMTBoSHY?oc=5&hl=en-US&gl=US&ceid=US:en,Alaska Beacon
2025-01-21,NOG Schedules Fourth Quarter and Year-End 2024 Earnings Release and Conference Call - Business Wire,NOG Schedules Fourth Quarter and Year-End 2024 Earnings Release and Conference Call  Business Wire,https://news.google.com/rss/articles/CBMi1wFBVV95cUxNZWh4ZE5CY0ZwT3VhLUQtaEVOeU5RVWh2V2ZUZEd4QVlGd3FJMVBVYVVEUlkzYTBmS0RTbmhvbWlUQ3pOTzM4OUtfN2t5RlZOV1VFQl9jQ0M4YkdaRnpETnk5VmVvMmNlcFBEbXJ3ZnkzUEx1Vmsxa3gtc19jNGhZVmJNVVhtUWVMbFpTb1dGLWNsSlJnaEpNQUpOLXllTkVIT292R0hYMi11TmxmQTAwdDRGbVN0aGE2aHZXMXBVckVZT1JmRUotM1IyRGFvdlhiZm84TzUzdw?oc=5&hl=en-US&gl=US&ceid=US:en,Business Wire
2025-01-21,"Citi lifts Northern Oil and Gas stock target, Buy rating on revised estimates - MSN","Citi lifts Northern Oil and Gas stock target, Buy rating on revised estimates  MSN",https://news.google.com/rss/articles/CBMi6gFBVV95cUxNcDV1dkZtemRDNVN4ZGJ5blg4NjdJLTQzTzhfRDVqQm4yTmtNRDg1eFMxV2EzQXlKVE5TUHZxaWxwZ0puaEpVSkVyWk9zVDF6bVd0SU15Nnh2RWdFN2NzNXVQLXJObFVIN0hHamcxeldRSjRYMkZfcG5BMWdGenYxWGNCdktNTkUzQ0xPOWJGTzZsUXpEN3hadXE0MXJra3JRWlNYNTB2bHdDU0ZOZVEwSW1BSUU0U2Nyd2FPQlBaelhFVHZuZ2JVc05mNGF0ZGFZNFNtX0VjNVU2ZlloUTBTVG5HdWJxMEttTnc?oc=5&hl=en-US&gl=US&ceid=US:en,MSN
2025-01-24,Rising budget controversy endangers northern export restart - Iraq Oil Report,Rising budget controversy endangers northern export restart  Iraq Oil Report,https://news.google.com/rss/articles/CBMiowFBVV95cUxNMEFQMlFTUE8zandaczUwVzdzNmNYYlRQMmZDeVFxZ21ITjladWJuVEdkR0E3UWhLZGVJcV8wRlBwc1h5bUtNYzJWVk02WGdiVUtyWnBXUXhMMEtTVFBZeGhSMUtVcWtGUWpSQVk5VmtZMXJ4UjBkSGVYQjZCZDVsQ3hMRnU3UFVWN2VreXJ4eDVWWXBzVFlWZGZnTnZMQWRycmgw?oc=5&hl=en-US&gl=US&ceid=US:en,Iraq Oil Report
2025-01-28,"NOG Declares $0.45 Quarterly Cash Dividend, 12.5% Increase Year over Year; Provides Update on Share Repurchases - Business Wire","NOG Declares $0.45 Quarterly Cash Dividend, 12.5% Increase Year over Year; Provides Update on Share Repurchases  Business Wire",https://news.google.com/rss/articles/CBMi-wFBVV95cUxPaU5TNVZhRV90MlgyOGgtcTFlTnpuWFpvZzBfVDh4UnBBQV9tSmJROG1LLUF1TUhGeGcyMHQ0RVFvbDJ3S2RwMllwdVVLR21jUkQ4QWpXZnlxcnlxbEpKV1NVQTNNbnBaVkR0R1l3OEJ1bVVDOEx3Y2hZcm00Vlk5YVRnQktvMUszUk85c0t4ZHZoUDNRbm11MDAwQWNRZDZ5N3ZqUlpnSk1RUEc5SnBvVzVLcldjWGF1NVhYWnlIZzVvNEdPU0JfZXlhd1FYOWJHM0JNRWZlaThVMTFjRmIxeV9aWE9NM0VzMHFSdi1VNnlJdjljZG9jUzM1RQ?oc=5&hl=en-US&gl=US&ceid=US:en,Business Wire
2025-01-31,Is Northern Oil and Gas Inc. (NOG) the Best High Growth Low PE Stock to Buy? - Yahoo Finance,Is Northern Oil and Gas Inc. (NOG) the Best High Growth Low PE Stock to Buy?  Yahoo Finance,https://news.google.com/rss/articles/CBMiekFVX3lxTE1XTkE5N1otZ2U0akxpVEdvaDhZT3dRR004eWFPSjhHZGVRX1JMOTJNQmd6ZlJ3VE95bkpjeE54SkN4MGhyVndhMVBOV2xTQ0ZkYm5PVTE3WWZ2a05wV0UycVhOYUJFZHNoT1IyUFRZTDdhWHAya3pLUGdn?oc=5&hl=en-US&gl=US&ceid=US:en,Yahoo Finance
2025-02-05,4 Energy Stocks Rewarding Investors With Dividend Hikes - Yahoo Finance,4 Energy Stocks Rewarding Investors With Dividend Hikes  Yahoo Finance,https://news.google.com/rss/articles/CBMiiAFBVV95cUxOLW83b1JXU2FBaV9kTVZGNWhiaU5SQzdDZjJHVlZGWG45Z0NKLUtDRTdHOEdNNlZSQlJYeV83djJNTkM4czFMNnQ1al9FNzd2YzBXWW5GMVBpT0JTQXdXUWRQZUI3Yl9SWlNlbnNPOTBEQnN2THhvZjZEXzJIVmJaWG1KZ040cUVm?oc=5&hl=en-US&gl=US&ceid=US:en,Yahoo Finance
2025-02-12,"Why Northern Oil and Gas, Inc. (NOG) is Declining - Yahoo Finance","Why Northern Oil and Gas, Inc. (NOG) is Declining  Yahoo Finance",https://news.google.com/rss/articles/CBMiekFVX3lxTE9fc0I1YTNDcmd2YnpvRWxDNFU0emhuaXBHN0tGcWRiY19SM3dmanBXLTR4d0N3SWNVdGpYalpubTVmQkQzdEhmQXJZV2dKNktScUgzTzZJQkZlODh6ZWZYSDdKNHpQWV9XaS12ZXFZcTcxVW01el9HVG1B?oc=5&hl=en-US&gl=US&ceid=US:en,Yahoo Finance
2025-02-12,NOG Provides Fourth Quarter 2024 Operational Update; Provides Initial 2025 Capital and Production Guidance; Announces Signing of $40 Million Bolt-On Acquisition in First Quarter - Business Wire,NOG Provides Fourth Quarter 2024 Operational Update; Provides Initial 2025 Capital and Production Guidance; Announces Signing of $40 Million Bolt-On Acquisition in First Quarter  Business Wire,https://news.google.com/rss/articles/CBMi0AJBVV95cUxORVBfdUhydjRlUFNjOGxpUll6Y1REeHNjTlpSdHQyOFdKYjFtMVYtM3VPb0xUWW5KRVZYOFY0eWgwOTNuUFlPTlB1RWZDelo5dFktd2piTVZiZEV1aDUzb0o1WWRvNkFaTXdsMkRoejNKN0l2REZPN2NNdGZTblAwUmZfUzZDa3hXZkw5RU5Gd00zUm53UGhDSVh2eXJ1VEE1cGRyTUpUMFZYSkhpX1MzSWM0LUxmczJYVy1yeVlBbUNiaE1ONmJuQTVFamZfTElIS0Jic2d3UFFoN3RGdDJpNkRycndNRHVWNHF5TTVNalFCREhnYWlFRnVsQVluVHk5OGhkYVdoMGRJbHRONnBMRG5KdXMwdXFQbjRlUkpyS214eC0tcHQ3VFp2ZEVTZ05QUnpleTJWYXQ2bTFNLVJEQnVkcHpuVTJ1S1puS3ZrY1o?oc=5&hl=en-US&gl=US&ceid=US:en,Business Wire
2025-02-13,"NOG Spends $67MM on Midland Bolt-On, Ground Game M&A - Hart Energy","NOG Spends $67MM on Midland Bolt-On, Ground Game M&A  Hart Energy",https://news.google.com/rss/articles/CBMikgFBVV95cUxOYmdObUR1U19vWGhTMUFkdEpJcmVwalA0QmsweENybVdsdXloWndfQzVUZlJQajhQOGJVaVA1WmM0YXJqd0F5TlRTZjNPdzlJNzNSdDJLUDRzajlHaEJPYm5ucEZJTUdzMUVCc2EyTW90NVNmZk5EX2kxMmMzUmpGdnI0cHFxcDdOREJKT2dMU1NPZw?oc=5&hl=en-US&gl=US&ceid=US:en,Hart Energy
2025-02-18,Will These 4 Energy Stocks Surpass Q4 Earnings Forecasts? - Zacks Investment Research,Will These 4 Energy Stocks Surpass Q4 Earnings Forecasts?  Zacks Investment Research,https://news.google.com/rss/articles/CBMingFBVV95cUxPM2p5YUVpLVI4dlBQcDhob3lkblZjZGtGRGR1LXBUZkV6ZndJVFpYdC01Z3FWdURCU0FwQlU4WkJ4b1dOLW5wcWZSTWxZUWlaVFlHLS0zYmIwRl9ocTZUSERsWDA3TmdFNEpSOVhBSENSSEZYUjlyLWljaVpxTjdzdmJHXzIzYlhVcmNqZld4NWJlQ2I3Tm40Sm9iTlItdw?oc=5&hl=en-US&gl=US&ceid=US:en,Zacks Investment Research
2025-02-18,NYK to Invest in Northern Offshore Group AB to Strengthen Offshore Wind Collaboration - 日本郵船株式会社,NYK to Invest in Northern Offshore Group AB to Strengthen Offshore Wind Collaboration  日本郵船株式会社,https://news.google.com/rss/articles/CBMiZEFVX3lxTE1IYmtGeTBjNkZRbHRSTnh3VDZuZDQyMmZXVEQtSU8yMVVLRUhIOGs0NW9MNWZQdGt5ZElqT016WlBmbXhSSUNtRDhvaVc4OEhSMlFJSHE0eHVDcjdQVDhKdHpaM1Y?oc=5&hl=en-US&gl=US&ceid=US:en,日本郵船株式会社
2025-02-19,NOG Announces Fourth Quarter and Full Year 2024 Results; Provides Detailed 2025 Guidance - Business Wire,NOG Announces Fourth Quarter and Full Year 2024 Results; Provides Detailed 2025 Guidance  Business Wire,https://news.google.com/rss/articles/CBMi3AFBVV95cUxPZ1hfSEpOSzA3VDUzUTJCSEhfcDZEU3dyRV9aNE9ZTEtJU1Y5S29HUzJDWnJVcFp4akRKR3ZUN3NPOXpnblhyN1JBM3BxNlAwMnJJMnRVMjFtOG8yakJkYVcxU0V5eXcwaWR5WnduLXJPTUpDVmhRakprQ2tPTXhhd2N6MlhCckVKZTh3MkZITWhYaW9Td1d1SERpc3VELUxmX3NzOTFDMTAxWVFoWWpYRTdEVUdkMDdfYW8tUjdGQW9YZDFDb2d1bU9nc3NpNUQ4OTNIOEhVYmhDZGhl?oc=5&hl=en-US&gl=US&ceid=US:en,Business Wire
2025-02-19,Here's Why Northern Oil and Gas (NYSE:NOG) Has A Meaningful Debt Burden - simplywall.st,Here's Why Northern Oil and Gas (NYSE:NOG) Has A Meaningful Debt Burden  simplywall.st,https://news.google.com/rss/articles/CBMizwFBVV95cUxQZ29DRXJaZEtjOVpSODR4VUtKeFREWkhYM2RBSnZaakZnQlp1VjdCSUFhZmM0U21objdaandtaEdCOVNxMnFOeUc4UlFPekZndVJkVzVvWDZ4QkpJc2wzNFBMNVAya0xZRnJ2cV9GNTZ3Sl9QZGllMFczQ1otNEhCLWx1bkN1WmJ5YkJtRVpReTJQb0Z6ZmVkcGpkRWIzRWdFNEpXSGcweTBVUEZaN3hCTjFzaFVRajZrZXhGN0E1bXB2ekhIcnJjaVFBLWE3YlXSAdQBQVVfeXFMTlRHNmNXcTNJeHZJOFhNQVZpdUJ6M0FwWlF0dXRRc0NwWjNXVUVCQi1RYjlaSXY1b29KR2hwSndfdzFya3dxcW4yYU1yN3JIUUc0SDFYaTJtNHJYcDh4dkdzbzJRVm9OZFFEMXQyalhIR0g5SVloYVNvRDV0OEFzWTRwZndpTnFCVHJtSVVWM3VYRE4zWnhHdXY4aXdnbTY1bmlrQVRKMHppLUNyTXFDM2dVNUlqWUJRelZ5cHM0R3lhWlBfZEI0clBOSnFLcVhGN1dIUUs?oc=5&hl=en-US&gl=US&ceid=US:en,simplywall.st
2025-02-19,Northern Oil and Gas (NOG) Q4 Earnings and Revenues Miss Estimates - Yahoo Finance,Northern Oil and Gas (NOG) Q4 Earnings and Revenues Miss Estimates  Yahoo Finance,https://news.google.com/rss/articles/CBMieEFVX3lxTE41X1FhWTNuV1NNUHk1WXJRODZNbDRlMG1aOWRDMC1CeE9BalVyWlpXazAyT3Fjc3BrYmk4VjdTZkl3bm5UbEhvSk14TW42ejVTM2hhUmVQbXVyZXBvYW8zMWZtaGtnWVFTVV9SSVpRbk8zaDZrdHd2Sg?oc=5&hl=en-US&gl=US&ceid=US:en,Yahoo Finance
2025-02-21,Trump order opening Arctic Alaska waters to oil leasing draws legal challenge - Alaska Beacon,Trump order opening Arctic Alaska waters to oil leasing draws legal challenge  Alaska Beacon,https://news.google.com/rss/articles/CBMitAFBVV95cUxNc1JmbW5PWTNkTC0ySzJ1RTI2Mm9LQ3FkSjc4VVVGQVV4dG1JTjNBSFBGbHBnc3VCX0FnNjlUNUlnSGotV2Fha084b0wyVjNoc2I5UHFFd0k5REN0TE4xV2F3QlE0UFNGcVVONFljZk9xcDZmYzY4RmhIYkhYUUNEbXFNTmdKRV9PdDBmbEF1Q2dxUnlhekpzdFF2RUZYOGhhdWtoRzk4ZHNqLUhrenBwSk5nRVA?oc=5&hl=en-US&gl=US&ceid=US:en,Alaska Beacon
2025-02-25,"NOG Posts Lower Earnings, Revenue in Fourth Quarter - Rigzone","NOG Posts Lower Earnings, Revenue in Fourth Quarter  Rigzone",https://news.google.com/rss/articles/CBMiqwFBVV95cUxNR2xCeldjOWhrT2JSVVFBa2ZEVC0tRHFTRlh5WDNOQjNhUzVEaDIxNTF3YVo0czZzWEZDTDZYUzh5MGxqQUZ1MGMtZDB6MGZKN2JqNE4yWE9IOFZQSVpSXy1CTjE3akh1aEhIMUVQT0I3cU91OV9XUEpDb3FsUC13Qlh5MHdVTVBHNVItcEZIX1RiUjFqMlQ0TTlSRmRIc1hTZ09ZTXlWYWlTTmc?oc=5&hl=en-US&gl=US&ceid=US:en,Rigzone
2025-02-25,"Northern Oil and Gas, Inc. (NOG) the High Growth Oil Stock to Buy? - MSN","Northern Oil and Gas, Inc. (NOG) the High Growth Oil Stock to Buy?  MSN",https://news.google.com/rss/articles/CBMi1gFBVV95cUxNb01qc1Q4R2k4TEp4eGZaMlFXdXJ4TEZVWWZ4cVBZb0ZWRVZuRVMwRkFZSEJPVm5nQUZFTF9VdVVMZVRWOERnMjF6WEIzTmV1dVNCV3RkRnZ5eF9fUmNKTmp1U0NIcFo4VTRBbEJZekZEZ1FBVnh6Ukg2bGlRWjBVTllQcUVLejhSb3A3OXBFSkhKOHI1eDlZXzZmSktJcVMwUGR5NENqUkY0cmJ2dzZfdFVVZmlKRUFSSDROY0hRSk1uWWpBWEgxc3pDMDNhMHg5eGtoY3NR?oc=5&hl=en-US&gl=US&ceid=US:en,MSN
2025-03-01,"Northern Oil and Gas, Inc. (NOG) the High Growth Oil Stock to Buy? - Yahoo Finance","Northern Oil and Gas, Inc. (NOG) the High Growth Oil Stock to Buy?  Yahoo Finance",https://news.google.com/rss/articles/CBMiekFVX3lxTE8yQVhkblcxb21sRS01dHJVaWtoU0VzRzhrX0lQM2luQUJpVGJpSkN0a2NhcHZOMWJfTUljWXhkOElVRTR1a0ZwWW9vMDJOZ1NRdFN4c2dpUzUxbzhfVllCWGVQYngyRmxTUTQzdnBwR05ITzBNSTJNdlRn?oc=5&hl=en-US&gl=US&ceid=US:en,Yahoo Finance
2025-03-01,"Northern Oil and Gas, Inc. (NOG) the High Growth Oil Stock to Buy? - Insider Monkey","Northern Oil and Gas, Inc. (NOG) the High Growth Oil Stock to Buy?  Insider Monkey",https://news.google.com/rss/articles/CBMiqAFBVV95cUxPbTVFZWtCcFlXYTI3Wmg1N1J5WlRKdEpVUGFLMUttZV9Xc2Q2SHRRcEhmUXhQOXltdU9LRkVPZ28ycHU1QWJzMnYzc2QwS0d5YWhzNXBpcXFYTVpKaE1mMXJ6ZFFiNTNEYkNJdWtFd1lNdFN5emQ0ZXcySUpTanFrd3EtSGppMU9ZQkFWLWJWdkI5b2x0SjBiNVNJT2xSRG9kMC1kTi1xemvSAbABQVVfeXFMUE42SFBiZ2laWnBoWlpCUTdPZHBvcnZ6M3B3Unk1bGdYX2JBMTdvaUNTRjBkcmFROHBhbDdSMmswY3JaU1Bwc1VBOFlHRU9aNWtDTW5udVdMQVVyNTFKM0FlR3lrejUzdm5mS0RZVTljRW1LcFpoWEN0N1kxcmQ5VW90dGl4N0RxaEo2R3RJRHVhWmhQblFBeWNBNmtjWkZxLXl1QzFXVGJ4cGdScHJvZWc?oc=5&hl=en-US&gl=US&ceid=US:en,Insider Monkey
2025-03-03,"NOG CEO Nick O’Grady to Present at the Raymond James 46th Annual Institutional Investors Conference on March 4, 2025 - Business Wire","NOG CEO Nick O’Grady to Present at the Raymond James 46th Annual Institutional Investors Conference on March 4, 2025  Business Wire",https://news.google.com/rss/articles/CBMigAJBVV95cUxONXM3bVNiMnA5eGNndEVtblFqWnJ2QTh4alVncFVUOGMyemlWVUdqZHlGOWgzVGIwWm4xcHlIY2V5UDJoeUNtVXFJbGpjNUN5SmJub1Q3WFo4cFVaVmZLalkzdmVGaUk2bWxTZDBEeVk0MmJ2VGtpV3V3UHdvY1d0RmRzUGxHa3FuNFlvYnVWNWdRZ3I5aDh0QzRzLU9aWGFoUDBBZTU1VFgyYUVpdjlrdktOcUlnTUU4XzZMdndRR2JuYWdMOVlzXzRtQlJCTHQweDJjWTY2ZmNMdlUtYko2QWZ2SlRjcG1xUDkxMDhMYlRkbENabW5xVlp2dVBZdEh1?oc=5&hl=en-US&gl=US&ceid=US:en,Business Wire
2025-03-04,"Northern Oil and Gas, Inc. (NOG): Among the Dividend Stocks That Are Underperforming in 2025 - Yahoo Finance","Northern Oil and Gas, Inc. (NOG): Among the Dividend Stocks That Are Underperforming in 2025  Yahoo Finance",https://news.google.com/rss/articles/CBMiekFVX3lxTE91Y3lJRXJGdllYZ2RydzducW45VGVfUWZTbGVHRUNxUmVBLW5uMV9NSm5kUmtKbDZiSS1RcV9aWm1MaFJVZkYzRmhXdkx3cENOLV9razRJcjdDb2gxRjR4Tmk5NTVMOTVQNU9wVjY3UGRoYjNYLWgySXZn?oc=5&hl=en-US&gl=US&ceid=US:en,Yahoo Finance
2025-03-06,Northern Oil & Gas at Conference: Strategic Growth and Innovation - Investing.com,Northern Oil & Gas at Conference: Strategic Growth and Innovation  Investing.com,https://news.google.com/rss/articles/CBMiuwFBVV95cUxQb1ZrZXlqMkVmQWNvUC1FN2RFbEl4RjBkb0NoTzI5MDhjUXA2cUktYU5ROVozbTJzWFVHYk5mQ2V2dVdXRGxsQVl3NVZpdmNoZDlRdVExczdoSm5iNUtpMUY1MGxVVlZjajJJYTNXTklDb1RELUpKdHlQWDJFTDJKT083RncxRnRSbWk1dE9IWlV5eDRMRlhvaTRPZi11M2tnaXRkMGp0S3ZCSWVoTFlvMW9LXzVsWndhNE1J?oc=5&hl=en-US&gl=US&ceid=US:en,Investing.com
2025-03-06,Northern Oil and Gas (NOG) Q4 Earnings: How Key Metrics Compare to Wall Street Estimates - Yahoo Finance,Northern Oil and Gas (NOG) Q4 Earnings: How Key Metrics Compare to Wall Street Estimates  Yahoo Finance,https://news.google.com/rss/articles/CBMieEFVX3lxTE5SZ3Vtd0RZaXZOWlZ1QkNLY1NwU2tvQ1k4R0pHT2VlRDhCMkZId25LMHdSQ0UtWXNjUG1kWTUwYlFocm5LT0M3dE81dTVVc1J6NXR6YzlHTVVXcVZqVkoySDdEVXl3Vi1qLW91a3NTQWpSWVNTRl9pWA?oc=5&hl=en-US&gl=US&ceid=US:en,Yahoo Finance
2025-03-06,Disputes between Baghdad and IOCs keep northern oil exports offline - Iraq Oil Report,Disputes between Baghdad and IOCs keep northern oil exports offline  Iraq Oil Report,https://news.google.com/rss/articles/CBMirgFBVV95cUxNNFNfeHdSNnF4cDlhUGNBcXMzMXpLeTNRczRNVmpOVlowcHEzLWNqMHNQZU85T0l2Q2ZYRDQ2cEdOY0haZFdybm4yX25qVXJxdk9EYTRrc1JSaUdmSGJSMVVvcU50VmVSdk9jemVHNlN6ZF8yaEhFa2VmMThSWEdZMTI1TzEyTlZQWU44bjhJcndBWF91N3U3QXFHMWl5TmZBeGxjeEhiT0ZWaWpCSXc?oc=5&hl=en-US&gl=US&ceid=US:en,Iraq Oil Report
2025-03-06,Northern Oil and Gas (NOG) Q4 Earnings: How Key Metrics Compare to Wall Street Estimates - Nasdaq,Northern Oil and Gas (NOG) Q4 Earnings: How Key Metrics Compare to Wall Street Estimates  Nasdaq,https://news.google.com/rss/articles/CBMitAFBVV95cUxOQzRHQVFUM1RqZDQ2Vi1keXlTeVhoTDFrSkJkUGtWNVpzOFV0NlNSY09ieHR1MWtZcURXNEZrNUVlTDEzNlcyQVVFODdHU2ZQaXNhR3lOMWpYZGRFV21PazhDMW83V1pTYk9laHNYUHVVUlhxUW1wdlJ5eVFHMTRTV0pFMml5aHNUVFVRU0dJWi1aMnJhZGRqTEpTVDVncGxqY1pIcUk3Y2RyZUJ3ck9HT21nNU8?oc=5&hl=en-US&gl=US&ceid=US:en,Nasdaq
2025-03-07,Northern Oil and Gas: Projected To Generate Over $300 Million In 2025 Free Cash Flow - Seeking Alpha,Northern Oil and Gas: Projected To Generate Over $300 Million In 2025 Free Cash Flow  Seeking Alpha,https://news.google.com/rss/articles/CBMiuwFBVV95cUxQZ2dQcl8ybVNXX3l3dWJWYXRiTTJ5Q1E0eTA4QnhnSVZUaU9MaGp6N0Q4dW1wYktNMUxzbFlxWlY2X0lrcTR0MHRDdDFBWEZVeEpBbXhlS3BLQmt4Vlg2MG5GRjRsTDhaTVN1RHozOUVOVUtXeHF0bVliZDh4RTBXdlB4RDBjbzA5WTgzYVJsVmxRUUtJa2Y0N2RDY0VTTmh1a0Q1ZThDZXUzUmx0OU5ZU3NJQ0xtbG9LWTJR?oc=5&hl=en-US&gl=US&ceid=US:en,Seeking Alpha
2025-03-07,"Earnings Working Against Northern Oil and Gas, Inc.'s (NYSE:NOG) Share Price Following 27% Dive - simplywall.st","Earnings Working Against Northern Oil and Gas, Inc.'s (NYSE:NOG) Share Price Following 27% Dive  simplywall.st",https://news.google.com/rss/articles/CBMizwFBVV95cUxNYXJJaGhnZXRsNDJTN0dTaWlrczlFODJheXNlUnZkUENaNmMtNGxnUEpHOWxpTGdXTzJWWjBhR3Bmdnd0VjRUSWowLW9Vd2ZpOGV5em1xS204N005cVZvdDdhbWxkWHY2akp3UkxDaFZsZ0dJU0ZaQW0yUFhCUklIcFFBM0RWR0pmeVhOU0VHVHNPaVRXZnB6cGtsSjc0SkQwLXVlUnRXS1V0TnlNVlQ3U0VsS1VGLVFOTjhlX2plRTlkXzlLUFRxVGNUb202ZUXSAdQBQVVfeXFMTTFVbDh2aWo3NEZxS29udllRMFBJUi1tRzRIZnprSEVJa2VlSzNITW9QNFVNMTFtYjdYWmFVaFNWb2NEYkRZM1hPZWRCVVBFZlFEQzAtd0U3MkJod0RKdkJIZFkybEVDa3pWamNfYU5nY1hoaG13ZEQ3RVlMVHdsVGxoYXo3bmprdS1XSURxV05JNUQzcGQ1dFNMN09OUXZ2ajJ4VHdjdmRCRmZheWo0ajlqR3ByTzduYTVyNUdfbEZwaVZrQlBabWhwMjZFQ21ILW5DbDA?oc=5&hl=en-US&gl=US&ceid=US:en,simplywall.st
2025-03-11,NOG Board Approves Increase in Share Buyback Authorization; Adds $100 Million to Existing Program - Yahoo Finance,NOG Board Approves Increase in Share Buyback Authorization; Adds $100 Million to Existing Program  Yahoo Finance,https://news.google.com/rss/articles/CBMihgFBVV95cUxNR3FIbGdJdnliSERxMmFwSC1BTGZXNDc2a3k5cUgtYWUxT1FfcmhXejdWZXBaejdraUNxbUhaWUdWNVJSOEktQlJzdFl6b0ROUnY3cjRNTUZ5Q2V3Q2VYaVM4UzVQcHF6ek9XaWFKUW9OOHZhOS1yWGtXNTZMb0pmdWJaeGpOdw?oc=5&hl=en-US&gl=US&ceid=US:en,Yahoo Finance
2025-03-11,NOG Board Approves Increase in Share Buyback Authorization; Adds $100 Million to Existing Program - Business Wire,NOG Board Approves Increase in Share Buyback Authorization; Adds $100 Million to Existing Program  Business Wire,https://news.google.com/rss/articles/CBMi6wFBVV95cUxPN01XWE02cnFNTzRMUnJIUDhJMW5yTmtqeHRmRE13N01vNFZkZExaZjA1enpvYVBHZUtaQjk3N3duMUtGMWFQZ08xSFFOblhlN3V4dWhJN1BFbmJYeDdpYVBLUXlIRXBadlN5SGtIMk1IZzVCQThtMjhIdGQxTUlfaGYwSFhmS3pwY3k0N3pOMXBmaXJnVl82T3BsSEdCZWlhOGpOaG9fQkl6bkJzVEpWQ3ZGc0dxSDFsYmY0ck9aTEdpaFYycGpwQ2RYYkQ1ZEVRbWktRHpjb2Fqc3NhcFBfUWdoM2dPT0ZRQWVZ?oc=5&hl=en-US&gl=US&ceid=US:en,Business Wire
2025-03-13,NOG Raises Buyback Plan by $100 Million - Rigzone,NOG Raises Buyback Plan by $100 Million  Rigzone,https://news.google.com/rss/articles/CBMimwFBVV95cUxOZ2tXMzlDSTRuSm1tdlVnUzBPRkdBdUZsUWdSSUNvRDZHenlJLVlxam52Ym5UQ3NVMV9QR1J0SjBnbF9IQkVEMzBLeHIyRWQySUhZcENjZ1MtY2VJY0pYWnNIbWVaSFRWdUJMNTBEaVRLQ1pPc3JxbEtGTzRtSnB1ZGlaY2d3cUhoRlpSR3Z1ZVNhOXNWRFU2ZGZxaw?oc=5&hl=en-US&gl=US&ceid=US:en,Rigzone
2025-03-31,Investors in Northern Oil and Gas (NYSE:NOG) have seen fantastic returns of 318% over the past five years - simplywall.st,Investors in Northern Oil and Gas (NYSE:NOG) have seen fantastic returns of 318% over the past five years  simplywall.st,https://news.google.com/rss/articles/CBMizwFBVV95cUxNVUlYMUxNU3c2YnczMzlfOGpqckhaZktPSjF5SGdiOFlFRlRpWXlDRDBNMXJERnZUd245ajczLS1wTkpxRlVvZ2FTRmFfVTBrY2VLTDlZaE9mQUtJOGRqS0pacTdyMGJ0amRhdVdkQldnb2l1Wml1NHhuSWNyQWg3M3Q3NmU0cXpRekE3YTlIMFNBNHJGbVJJTkRKdWpLX3lXU3FSa3RvdFA1ZVdhU2R5dmdlT1IxUUg5Ml8xek1HNC1aYnkzcjBXZEx1dWVWX1nSAdQBQVVfeXFMTUxwM3dTSWVTemp1RjA2ZVlBd1lCRFE1akFYOExjOUowWXVPN3J6MlJ3U285bDdPWUFrckE3ZFRuMHZ4S3owTWFMTWtBSWhUUzlmVWFNZXJxQjFoeHowS0JKU2ZSMGo1UEdueVR5dWExTkYwc3EtZGdYVVp6NzQxdlBHVTlReS1uVnZVLWFtY2kxd1EzQ3hfUW5JNFlTemJGbnpSbnRoTmxXMkduQUt3RzBxNFVIV2MwOVBQZHNuMXNLenZJUFpQdXJvanh2SFRRNmgtVGI?oc=5&hl=en-US&gl=US&ceid=US:en,simplywall.st
2025-04-01,Oil and Gas Investor Magazine - April 2025 - Hart Energy,Oil and Gas Investor Magazine - April 2025  Hart Energy,https://news.google.com/rss/articles/CBMifkFVX3lxTE5uR3Nyb09PeTVNaGh3eGVTdmJrX3pUR19meERvdGowbHQ1dDFGekY1aGt6ZDJ1Z2pOZy0zRzg1S0Z3QjAyMmVaM2hMRGVDZHEteV9GUVhqd2dMNlNSSGVqNVFJcHZHNEdVaDdFYnJQUFpQVElkSmFqZURFUjVtQQ?oc=5&hl=en-US&gl=US&ceid=US:en,Hart Energy
2025-04-03,NOG Stock Crowded With Sellers - Nasdaq,NOG Stock Crowded With Sellers  Nasdaq,https://news.google.com/rss/articles/CBMia0FVX3lxTE5UMHRNSE45U3luSWpJaWxTNm9aeEluTDR2T05aUTg2RnpMaTl3ZlJTS1BkU0phbER3a2FBVUNWXzRhQzZRc3gyc0hVMjhkX2xlOURGN0JIWXlSVnZudU9fbUtYVkhOY005dU5V?oc=5&hl=en-US&gl=US&ceid=US:en,Nasdaq
2025-04-07,"Residents in Northern Colorado neighborhood asked to leave homes after oil and gas ""containment loss"" incident - CBS News","Residents in Northern Colorado neighborhood asked to leave homes after oil and gas ""containment loss"" incident  CBS News",https://news.google.com/rss/articles/CBMirAFBVV95cUxNZ2dYYUdubWJjZjJ6YTZXYmRBdVhwNVpNZjN6M1RSekRqNUg0MjQ2WldHQ3c5NmtPNVBBdVh3QkZadkNYZzZFNldoWGZRVkNJeWxrQml4RVBscXFEd1NSUjZuNmo3anFlbzJveDZTQjZoSjRWVXAwU1RlR3dJRHFQdFRvMm4xYVdxQnNKUEhKNjVQTjN2ZWktLTJDVmJBSFowd01qaXdZVy1MT0ty0gGyAUFVX3lxTE9OOElrMy1SUGM1UHhKT2xpU1NBZnU4emJIVE5KLVktUVJrbFNXbGg2SnNFdWFISzU2R1JBc1Q5NC1IaV85VTI2akp2bENsblRhbDU1Qy1HYkJwRXdVMjlqZHd1eURwSFRXaTY4aVJKR1M2X0prMGYtdEFXSjIzTVV5ZENVZ0lzNC12YmRSUmVodU9VdURYQS1XLWJWdVVRS3dHRWF2SVU3MEpoT3h4eTNVY3c?oc=5&hl=en-US&gl=US&ceid=US:en,CBS News
2025-04-09,"Community meeting planned after oil and gas ""containment loss"" incident in Northern Colorado - CBS News","Community meeting planned after oil and gas ""containment loss"" incident in Northern Colorado  CBS News",https://news.google.com/rss/articles/CBMitwFBVV95cUxOMGtqU1JVVzh2V3lBaUItYnhzMXlQRk5oU1E4REdHQy0zOUljZWxoQkFvUnlZRngwUDdJZWhnUFN1NkZaVE1BTENiOTNLd212OHVyRzQ1TVBTSDZLdVRIMjVUVFJha2NXUU4yTXlaR2J1QUZyR25Yc2JoUHlXSVdqVUNGNVpCS1hNUDNOYUpUZGxGdVlFaGxWZjVsWm4xUjNYRUo0TkJNdW5BRThFcEgzdmFOUFowZEXSAbwBQVVfeXFMUHNyeGwyREFpSkRIaFdQOHZxWm9tZFFpRHBYRzJ4d1VtMVpvNXBXVW1ScDZ1Qm1TdFRxX1Y3WGpKQWRzM0NsTW1pcWV3Z1l5VHhFaEtHSGEtX1pTeFZzR1QwNDV1bWhzT0NyTkI4ei1NUElrbUdPOUpMaUJzTTJiZUZaZ0stUWxxaVk1MndVYVliTzFXUmJudDYwaFh3Q0NzdThvY0JXTW1RRXhDTlU1cjB5OTVpUkxrNmlVRVk?oc=5&hl=en-US&gl=US&ceid=US:en,CBS News
2025-04-10,NOG Schedules First Quarter 2025 Earnings Release and Conference Call - Business Wire,NOG Schedules First Quarter 2025 Earnings Release and Conference Call  Business Wire,https://news.google.com/rss/articles/CBMixAFBVV95cUxOdVhDeEEzd1J0LW42aURKM050VmREVWNzSjI0bzNzRXhkYmFaRmpCaWwxakhXeWFkNzJxM05TZnVYT1A4WUtOcktnYWRUMWludXJsQ0w4NkZVdzZ4bnMxQ1BKQnlVZUloZEVxRFVFQ1JDX09BRFc4T2FSeDdlajZoVTJYd2RXcGJfN0VjWnFrOEkwRGx5RWdxbTBvbUtTUGt3ZlZzLUp2WEhpeVNrTlpPYU9pX2RXem5hcEhfbnVIam45TVUz?oc=5&hl=en-US&gl=US&ceid=US:en,Business Wire
2025-04-10,NOG Schedules First Quarter 2025 Earnings Release and Conference Call - Yahoo Finance,NOG Schedules First Quarter 2025 Earnings Release and Conference Call  Yahoo Finance,https://news.google.com/rss/articles/CBMihAFBVV95cUxQWThWSUEtcjJNT0xPNHRzdjNZaUs2bHFHZ1ZmejF5amJCaXlLekZ6aWk4cEJGSXhwZ1p6dm9KSG5Hc3BWNGdJcHh2M3ctaTg0djJ5Q25qdmxfb1N6YWl4ajBOek53ZXQxN2k0QVRINzRXaS1IbnNGZXI5TDhrSmJDNjA0Qmc?oc=5&hl=en-US&gl=US&ceid=US:en,Yahoo Finance
2025-04-14,Northern Oil And Gas Merits An Accumulate Rating (NYSE:NOG) - Seeking Alpha,Northern Oil And Gas Merits An Accumulate Rating (NYSE:NOG)  Seeking Alpha,https://news.google.com/rss/articles/CBMijwFBVV95cUxQV3pjNkExUHlxX3FoMDU2ckMwX1JsZGMwaGlBZXJXQU1GSmJEM0tTWDdhRVR3cHhzQVlPS0Z4R2M5VmE0bHFja0twZ1V5eGl6SHgxYnhQcXMtWGxoQlpXd3NoV3lnaFBiQ25uSGNWV01GVUdGSVcwRTNYOUY2ZF9UbElYejE1eVFBU1AzejBMNA?oc=5&hl=en-US&gl=US&ceid=US:en,Seeking Alpha
2025-04-14,Northern Oil and Gas (NOG) Price Target Reduced Amid Oil Price C - GuruFocus,Northern Oil and Gas (NOG) Price Target Reduced Amid Oil Price C  GuruFocus,https://news.google.com/rss/articles/CBMiwAFBVV95cUxPcDNXeHRNSHhudUxuUDktYkZxaGMxRm5ZR3BlMEw3N1BWV1BlZm5HYjg4U0s2SEZOTnRfdElDSkxOc3hUTmlXcjlpaUNGOGFQX05neEJwOVJweVVFbXdSdlg3eVdvUnNUWXJ5ZXU3M2prWU9sREh6ZG1BNklTMmtvMWFqdFR6dl91YlV6VUR6ZzYwOXkyejZPa0s4OEhzNElyUUdfRUVQUjZJUWZseGFaSjNaQUlVREwwS1Z4RUtjdEY?oc=5&hl=en-US&gl=US&ceid=US:en,GuruFocus
2025-04-16,NOG Gains Strong Hedge Positions Amid Derivative Gains | NOG Stock News - GuruFocus,NOG Gains Strong Hedge Positions Amid Derivative Gains | NOG Stock News  GuruFocus,https://news.google.com/rss/articles/CBMirgFBVV95cUxNM1pGYTlSeDVLdEswUVd4S3dzd1YtbTQxYmhLOGh0UW5WZE5aTVRtU1FoR3JwWTZOa1dTMl9ONk40WnA3TEg3eG9YYmQ0eHBMMFp5UFVSSW5SMTJhOVdoRV82ekNjeTVHWldISHNhby1WdVlEQzV2TW40Rk5rTEVMdHhfMnZCN3V1SHMyRFFZQ2l4b09JTzNmcUJJSTB3Y0lGZTl4dTI4REUtT3hTNFE?oc=5&hl=en-US&gl=US&ceid=US:en,GuruFocus
2025-04-16,NOG Provides Update on First Quarter Hedging Results and Shareholder Returns - Business Wire,NOG Provides Update on First Quarter Hedging Results and Shareholder Returns  Business Wire,https://news.google.com/rss/articles/CBMizgFBVV95cUxPR3k3bS1DMzZwNFhaVGktZjUtS3RkZGZhOVZKbHBUYXVLN0NxX1RhWHI0RFp5b0VqeEJJNVF5SDJ3QkZ3Sl9WSXZEbjVZYkh0NDdLbHVzUTl4OXRBT3BDTUN4TFJxV25NMXEwZDlPLWFLLTRrOTEtdGtCSU1RMUt3TkJ2QUNjLWtNeUVWWUUtYXlZa2ppcEUyUGZpRXAyM3Fnb200Z0ZTUzdMZGdhNmZwXy14RTVRd3FuSTJOUVBYdUdTV0tuUk1lS1hzNEI3Zw?oc=5&hl=en-US&gl=US&ceid=US:en,Business Wire
2025-04-17,"Northern Oil and Gas, Inc. (NYSE:NOG) Shares Purchased by Envestnet Asset Management Inc. - Defense World","Northern Oil and Gas, Inc. (NYSE:NOG) Shares Purchased by Envestnet Asset Management Inc.  Defense World",https://news.google.com/rss/articles/CBMixwFBVV95cUxPOG1JcVJ6MnlZUUYxNmY1MDRNV1E5X2pVcDBmX2FCY1NuVTFyMHhrajMxUEE2NUdfbzhINzEtV211bVJKeWlGWmRNVXhtak12S0IyMnE0RWJKeHJXZW5GeVVieGczdWQycE1ZTUVLZmFXQ2pkZnp6MTU3Smh1RWdkSzNLX3YyQ01iTW1UcW5GUVZVWTljdngxbmhERFZHTnExTklBLTFYYmNkTmNkdzVEVEJzenE4ZlppeVJVUG9ndGx2NU5YaDRr?oc=5&hl=en-US&gl=US&ceid=US:en,Defense World
2025-04-18,"Northern Oil and Gas, Inc. (NOG): Among Mid-Cap Stocks Insiders Were Buying in Q1 2025 - Yahoo Finance","Northern Oil and Gas, Inc. (NOG): Among Mid-Cap Stocks Insiders Were Buying in Q1 2025  Yahoo Finance",https://news.google.com/rss/articles/CBMiekFVX3lxTE9mWU5PVVJJY0N4U3UzenFLNmUyY1RxM3RVZC11TUxGc1A1S3pHeDdkZUtJY29GNEJpSENnT0xETTFza2ZWRVBCajhSRUtDOE1hYVYya25YV2NTM19Kbng4RFhDYlRrSEJLN2VpMlB1VDBZeVY0X1h4U2pn?oc=5&hl=en-US&gl=US&ceid=US:en,Yahoo Finance
2025-04-21,Should You Give Crescent Energy Stock the Cold Shoulder? - Yahoo Finance,Should You Give Crescent Energy Stock the Cold Shoulder?  Yahoo Finance,https://news.google.com/rss/articles/CBMiiAFBVV95cUxOQnItbzFXaVY2WV9zYklFQUx0YmNvZm9uOFM0M3hsNE1Hb19ybmJLREY0eFhfaUFGVDY2QlNJWU1qcWhuaHJNaXRnTllnUHdpbTJEbW8wLU16Q1dDZC14UURRVVRHWTlkUHI2dHpHcVhHeGpBYllTRmFIVFhwR1d0d3otZ1hQZUZK?oc=5&hl=en-US&gl=US&ceid=US:en,Yahoo Finance
2025-04-22,Earnings Preview: Northern Oil and Gas (NOG) Q1 Earnings Expected to Decline - Yahoo Finance,Earnings Preview: Northern Oil and Gas (NOG) Q1 Earnings Expected to Decline  Yahoo Finance,https://news.google.com/rss/articles/CBMihgFBVV95cUxNQUhYR1ZnOXdnUjNDcWIxU0p4RjFQTWV4MWlmcV9GLWY3bkxkS29wdGp6bGhYemRHRm9mRVUzSFRlQTREY25Wd0RhdzZmSlNjWk12cUFKWGxVcWY5d2pnR2VfRHBuMFVFM0xnWmNVQnNFeEdxNkExZU5LUzI3VUtmNHZHVjVEQQ?oc=5&hl=en-US&gl=US&ceid=US:en,Yahoo Finance
2025-04-23,NOG Publishes 2024 ESG Report - Business Wire,NOG Publishes 2024 ESG Report  Business Wire,https://news.google.com/rss/articles/CBMijwFBVV95cUxPNmVuSXBBSXVoNGRwc1VETHdCTUJnVWEtWTFSbVA0ME5KSGFBU2t1cTN0ZU50RmtCd1N0UVJhVE03d3hVNmFKaFI3cGRZOTVLNmlZSllRbmd0YS1nWG5BSHRXREwxbjRYQUgxd1FIaVlmNkJWdG1mSll5Wmpwd2Jmd3hIRWhMSHhYZjdEdjNzWQ?oc=5&hl=en-US&gl=US&ceid=US:en,Business Wire
2025-04-26,Q2 Earnings Forecast for NOG Issued By Capital One Financial - Defense World,Q2 Earnings Forecast for NOG Issued By Capital One Financial  Defense World,https://news.google.com/rss/articles/CBMiqAFBVV95cUxOLVdiTGFKemFHbk9jZmU0NHJSR0JkWmRYU0RSZnlRQlBaci1TaHVpZmdpOGJBWEdUVHU1ZktrS04xZkJESzdYX1hTUlZ5WENGSUlCYlRFNnY3ZEk5QzhaMUFMb3lUWkQwY2xhaE1yajhtWEg1cHU2TTYtYUczT0M0ZkFxZ1ZLQU5GVkhUcmk1dzJKdjk4cXpPVkpDVUsyU24tcXk3NkFqWm8?oc=5&hl=en-US&gl=US&ceid=US:en,Defense World
2025-04-26,"Natixis Makes New Investment in Northern Oil and Gas, Inc. (NYSE:NOG) - MarketBeat","Natixis Makes New Investment in Northern Oil and Gas, Inc. (NYSE:NOG)  MarketBeat",https://news.google.com/rss/articles/CBMiugFBVV95cUxPaUxMZVdNQjE3QmZXaHNVWFhabnF2OVZINTI5YktjRXFNSE1MaFZqMHF1QTU1bHBWQngwRm5kemdxdTZSRDBvSkFmbk1BbndibVdsV29HeFJ0NWZfWTl6eXczdzgtWkctU2VmM2Q4akNFUVkxcTc1blY3cnI3U1pwZWJ2OGpMTEdmTkN6VlJwUWJJTlJsRHkxaFZNVWwxazd3QUhxOTlDUWRfYndEZXJWTEtYUWR2YmlvT2c?oc=5&hl=en-US&gl=US&ceid=US:en,MarketBeat
2025-04-29,Northern Oil and Gas: Q1 Earnings Snapshot - Leader-Telegram,Northern Oil and Gas: Q1 Earnings Snapshot  Leader-Telegram,https://news.google.com/rss/articles/CBMi1wFBVV95cUxPVmU2d1ZxU0ZxeVBfWFBhSG5WQ19mN1Vpalc0ZmUxVVBIazRGUTRkTEstNjJ4WFo5aTZXRlhKazVQaS1LbkE5WVdPMHhXeUpWQmIzODgtdmF1TFE0cFBsZWFxVEY1Z0ZUajBHNTF5NnJTQUdQYnZZa0xDeHNXTHY5ZWxpYWVPaE43bkg4aFhfUkNYdW1vYTI5dlMtblpWcWljampTY2tnMERyM2pUd3FYbHVuZXNtRk5Tczk0LVhfbUpUYTNaMkVhYXVGQ0MyazA4d1c0amhnYw?oc=5&hl=en-US&gl=US&ceid=US:en,Leader-Telegram
2025-04-29,NOG Exceeds Q1 Revenue Expectations with Strong Performance | NOG Stock News - GuruFocus,NOG Exceeds Q1 Revenue Expectations with Strong Performance | NOG Stock News  GuruFocus,https://news.google.com/rss/articles/CBMiswFBVV95cUxOZVlBcF9LMUtGM0Y5V2ViLVZPOTV0OEY3cFE0cXNQaEIwNnl4R3VtZEU1TG50Qk9FZ1RLNzJkclVMNkVzNTNKOU5yN2tqX0VkZFl3Zkt0WDZzQ0x1ZjRJejg1U3Q5YXVwRnBoM0lad2Q1bG1LM3Btbjg0SGQtSGtNbmdRU2Y2N2ZwVHF3TGhYUm1JSTdCZ1dfcEZRM3hNamVEMS1oSEZwZTJYekJJNlBwa0FNWQ?oc=5&hl=en-US&gl=US&ceid=US:en,GuruFocus
2025-04-29,Northern Oil and Gas (NOG) Surpasses Q1 Earnings and Revenue Estimates - Yahoo Finance,Northern Oil and Gas (NOG) Surpasses Q1 Earnings and Revenue Estimates  Yahoo Finance,https://news.google.com/rss/articles/CBMiggFBVV95cUxPekdhZnZ6eEZKcnA1cXdyX3dKM2czaVcxS29CLUNSTUp6VDF6X05RT3hHejdRbUp6Wm5aT2hBMG1ucG5WZGtjS1E1bk9WbGhydTRMUms0bTVnQUktX21WNTNEX1pfdFMtbGp3U1JxR21kM1cxM2RiQkdtVWN5S1U3Nnl3?oc=5&hl=en-US&gl=US&ceid=US:en,Yahoo Finance
2025-04-29,NOG Closes $62MM Midland Basin Bolt-On Deal - Hart Energy,NOG Closes $62MM Midland Basin Bolt-On Deal  Hart Energy,https://news.google.com/rss/articles/CBMijAFBVV95cUxOem5zMlBobUZyX1RiUnlCTTBpVWNIZDM0QUpxTTU1eVFwYXNLbkpYQTNsc1F2ZG13R2F0N3BrWjRVUno1LWtlVHpmOHdvRnBYdTQ5QjdWRVZhZzdmQ2hvN0dHOUE2TC1nbGVZZjhTSVRxSDRMcjNSWV90RmtUbEpHcm5BU1k0NUpnN0o5MA?oc=5&hl=en-US&gl=US&ceid=US:en,Hart Energy
2025-04-29,Northern Oil and Gas stock surges 6% as Q1 results top estimates - Investing.com,Northern Oil and Gas stock surges 6% as Q1 results top estimates  Investing.com,https://news.google.com/rss/articles/CBMitwFBVV95cUxOSGdXdGNpRXZsakg4RVlaU0s4dWJPNkFxXzZqMEh0Ml8xREtzR0lvXzFqT2hQaDB1XzNUN3dLc0c0XzJHeWRaZmg4RF9UeWpiTTdRTzNOZDItV0lJRkJic3dUcWt1cVNwV1lWeTJleFVvRncyN2tZLVlNNUI5dDBraGNKQldrQ2NZZldtcEdBWm9ETEVlTENwVi15X2dnUmJGLU1taWx3TEs0SktGU2picm1QMXljMWc?oc=5&hl=en-US&gl=US&ceid=US:en,Investing.com
2025-04-29,NOG Announces First Quarter 2025 Results | NOG Stock News - GuruFocus,NOG Announces First Quarter 2025 Results | NOG Stock News  GuruFocus,https://news.google.com/rss/articles/CBMimwFBVV95cUxOcmloaEZta190YkZHX1Bfb2d1RnQwQWd0amIwTzFoMENQd2xQRFhhZjdVLUlYUk9KZV9lNUpNUzFfUnVrejIydmFJMVlUMFB2SzR4c0NpdlhpY0FZYVdQVEdVc2Q5QkhWVWg2U2dOZXpBbVRDY0UwWmFmTUlpc0ZoZWRINWVRZlc1NXhiSjdoLUFWUy03TDdIUXBsZw?oc=5&hl=en-US&gl=US&ceid=US:en,GuruFocus
2025-04-29,NOG Announces First Quarter 2025 Results - Business Wire,NOG Announces First Quarter 2025 Results  Business Wire,https://news.google.com/rss/articles/CBMingFBVV95cUxNbHdOWkh2dGZuejlQYjhUSl9NSjNwUm14UEdmSkJsTkx2cnQ5Q2c5MXg2dGc3UGF4cENJc2tiUW5VNmZibzJLSEFWTzJrQTZWZmZYQ2NubmlkMkl4b3VvX0ltaFQwRGxndXh4VmR3RGlienZ6UEZuUWZheEduUkZHVGhtYlcyeFRjY05oMlhKbGg1Q3VPZUt6dnpJc1lQUQ?oc=5&hl=en-US&gl=US&ceid=US:en,Business Wire
2025-04-30,NOG Expands Credit Facility - Business Wire,NOG Expands Credit Facility  Business Wire,https://news.google.com/rss/articles/CBMijAFBVV95cUxPT0FvV1U0OGVJWkRKQ244Q09tdENYbG5UTUxVb1Ezbi1iVXU0YlRRVzZkUGtIWXF1cVprY2h2anFHQkZkd3UzOXZZZE1pZ2RBZHhuWFBMQnRJNEs5R2plQjhKZGFKQW03UHd6RVpxZG1rYnB1VDFOa1pyYllFZWpPZmtOTXdKVGl2NDg0bQ?oc=5&hl=en-US&gl=US&ceid=US:en,Business Wire
2025-04-30,"NOG Declares $0.45 Quarterly Cash Dividend, 12.5% Increase Year-over-Year - Business Wire","NOG Declares $0.45 Quarterly Cash Dividend, 12.5% Increase Year-over-Year  Business Wire",https://news.google.com/rss/articles/CBMiygFBVV95cUxQQ2E3SHRralpkM3laYklxTkZENkpkWTk3dWpHNDNNMUVGcF9YWWtEalU2cUM0bUtubmVBLVRjeFh5OWo3RHVWNFZjUWdJNVEyTkVVRVhRTURnTGxvajYzd25xcEU3cnNiOENpZjVOU2s5VnNLRl8yQzdKbllLVnVwR1Z5dGtHaWpPbF85U1ZWYlJuT2FHdVVTZjZfcFBsSjNMOTJSa05tRWVmTjFSVTdyUU5lTUVEV21VX0dFV0tzS3VDM2RUQVM1RGpR?oc=5&hl=en-US&gl=US&ceid=US:en,Business Wire
2025-04-30,Earnings call transcript: Northern Oil & Gas Q1 2025 beats EPS forecast - Investing.com,Earnings call transcript: Northern Oil & Gas Q1 2025 beats EPS forecast  Investing.com,https://news.google.com/rss/articles/CBMiwwFBVV95cUxNbk5uTmRhWjVwNEtMVVBQcmxvUEx4ZU1EUC1YMVRlTV9BVUtzTlBFcW5UajJzb2NVRHNuZTMxVXpBVGRud3FpYUpqanF0ZU80S3ZSazdIdzhvSDBwXzcyZnhYNFBuYnlfb1pad2RmV3c3dEtFRExOVW1vOGhzTm14elFHaU1HcU5lZFdVUWxRZ1A3dWYyTFFMdHBzNG03ME1XUmxZNnpJc3JNSElaQkZRWE5WbjBuRVF0d053OUY1akl3bEk?oc=5&hl=en-US&gl=US&ceid=US:en,Investing.com
2025-04-30,Northern Oil and Gas in the ‘Catbird Seat’ as Oil Prices Plummet - Yahoo Finance,Northern Oil and Gas in the ‘Catbird Seat’ as Oil Prices Plummet  Yahoo Finance,https://news.google.com/rss/articles/CBMigAFBVV95cUxQU3NnLTR5ZFlmdV8yLVVxcHNRUDNydFFhVGNnbkx4V1ZkQS0yY05ka2hGYXh6VGxOY1RMdUNYVWFsZ3RkY3R5MldjOWJYYmt4b0dFTm9uTWlfbFlzVUVremVoanozd2JHYzBQVUxITDdycmJHcFA1T1Z5ZEdDY09WLQ?oc=5&hl=en-US&gl=US&ceid=US:en,Yahoo Finance
2025-04-30,'Unprecedented': Cause determined of oil well blowout in northern Colorado - Denver Gazette,'Unprecedented': Cause determined of oil well blowout in northern Colorado  Denver Gazette,https://news.google.com/rss/articles/CBMixwFBVV95cUxNZDZxRlFmQ1UwT19oZXlFbG9vT1N6cmtqcWwxNnpsX2c4b0lpQV9BQzktcnpBc2plNDVBOWFjTFE0d1RqLXVzbXNab2lCYVpXeDRhSzdhYmtwWEI3WWwyQXJSeDc3Skw5ZzM5OG9kRlQ3WXEzaHY4YVFoN1paM2JVdkxHNEZsNEpDcmE0ZVVoUWVzZ0plUW5tYUpJR29VSlRVT3FBVVJqYmhOMnE4MFMyN3lEZlhZYU4yQVNDMEJKN3RDRWljNTM40gHMAUFVX3lxTE1oWGxvcXU3bnFsdHl5b3BqcVBSLTBEaDNzeDcxRWJMclQwVXVHN2tjRTRNN0JPb2xIcE52eXN0d3hKdUNMQjhjaWRVWkx1VXVzUUsxRDFQbEJ0Y1JNeHFaek1oWGtuRzUzX0I0dXkwbjZpYU1JSGV5WDdYWHRjT2M4REhUc3BXcjU2Q3BpRXBoRmpYVkpIMW1UUTFMRko2MGxUSnlvTmNHMEplanJVWjRLcXZIcUZpVXFkODFyME5QTm5vZWV0RTdackxYbw?oc=5&hl=en-US&gl=US&ceid=US:en,Denver Gazette
2025-04-30,Northern Oil & Gas Inc (NOG) Q1 2025 Earnings Call Highlights: Record EBITDA and Strategic ... By GuruFocus - Investing.com Canada,Northern Oil & Gas Inc (NOG) Q1 2025 Earnings Call Highlights: Record EBITDA and Strategic ... By GuruFocus  Investing.com Canada,https://news.google.com/rss/articles/CBMi1AFBVV95cUxOeVpXd0p4Zmh5NndJQjh6X0tROU5mNklDVW9Cb2pXZERCVk81UjJDc05mc3JLYUFMUmZNWnFZUWpQZjhDd1lab0FIcjBIM3E2THdxRGtieEkwT29mcXM2dEI0aTNvaU8xYUZyQVVPUjhoZ2MyWG4yR1A2OEJpS0xwNjJNc256d0JENWZ0bHFqcUVQUFYyMVNRLW56bXB3eDAzRUFucUYwSXV0aFVzNXBHT25NRU1WNjdPdk81QXdxWkJoNmlfeFlPcEwwVVlCZU8yV0Z0Vw?oc=5&hl=en-US&gl=US&ceid=US:en,Investing.com Canada
2025-04-30,"Northern Oil And Gas Inc Declares $0.45 Per Share Dividend, 12.5% Increase YOY - marketscreener.com","Northern Oil And Gas Inc Declares $0.45 Per Share Dividend, 12.5% Increase YOY  marketscreener.com",https://news.google.com/rss/articles/CBMi-gFBVV95cUxQQVM2eXQ5clhzMDFGWmIwdlhnUWdobWpTMG1TQjBHdWl6bXlGdVRrQV9zTFM0WkRkM1JQYTk3N3Vod0VxSTlicFNrcmRiMzBYSGpMSHZsN3l3RnJDUXo2SlVlZXNtSWl4ZGdZUk50ZDZJNVJ4bEI2WW9xM29KWDJPR0FNcDU4OWc0ZEctejRmdDAyV1d3NHEtaWdDelRwdUZ4Q1dScC1zRU9ZMjBWQ3ltZTVMZ2tmQy04Z3pieUJVVklxYUdUNW1Ta3R4NldYZ0YtRWlZVkF5VlQybTZVOWdBRnJVQm8tcFNhVHlDNENpNG9lQTB0UHRlOWpn?oc=5&hl=en-US&gl=US&ceid=US:en,marketscreener.com
2025-04-30,"Northern Oil and Gas Keeps Cash Dividend Steady at $0.45 per Share, Payable on July 31 to Shareholders of Record on June 27 - marketscreener.com","Northern Oil and Gas Keeps Cash Dividend Steady at $0.45 per Share, Payable on July 31 to Shareholders of Record on June 27  marketscreener.com",https://news.google.com/rss/articles/CBMimAJBVV95cUxPN01jMUp5S3JHLTR2ZmZGLUVpcjltS2tfeE1Lbnh1a0ROV3p1UXU2QXRxZ1JxVzhtYk1LVnZnb2tnOVlLV1hHVHFCbXp1bS1Rcm5iMGM1bmJmVkpmeWV6THhQWHlacHBNaDZhVUNmN3p0eEhqakNZeWZkdW1pZVQ0S3Bla1lvdnlGRm9GRWtSbkVmOUhtQmR5QU1sMkVWd0xTN3EtSXZoRHlNUEtLSFpROEhFUXI2QWNhYUhtejVXQkxEQkliR2ZSbVlmLTBzb0l0Nzh5YUtTNlppOTVmVjI4eXNwNUNUd2pNek4zMVZndktZXzJvMlNRUkp1Qjd4SDZpNFRqZ0ttOUFhTHhneURSOUw1UzZPNFZN?oc=5&hl=en-US&gl=US&ceid=US:en,marketscreener.com
2025-04-30,NOG Expands Credit Facility | NOG Stock News - GuruFocus,NOG Expands Credit Facility | NOG Stock News  GuruFocus,https://news.google.com/rss/articles/CBMiiAFBVV95cUxNbkJ0WGZlSUprVkcxNmtONEN5OEpYNHVEdUlLTmpMdm1La0RxVDhsMjlrZUdyejRucjdzVGpLc2Yzb0xUZy1YVzhqc0dvdFlBa0RRY016emJXazJFODZ1NG5ReUFvWkRuTlZxbzBfVk5sWndwdy1PUnBJeG9TZ2hHcjJORVJuRjI0?oc=5&hl=en-US&gl=US&ceid=US:en,GuruFocus
2025-04-30,Q2 Earnings Forecast for NOG Issued By Capital One Financial - MarketBeat,Q2 Earnings Forecast for NOG Issued By Capital One Financial  MarketBeat,https://news.google.com/rss/articles/CBMitAFBVV95cUxPWU9zODNPRmtwdU1QdkZibVZ4cHR4bmF4dHhrRk1TSnNKMTRycnlReXJPVmhkWmNfVmxHZW82VlNPVkdJVWJDTExBQzVZUUpWelg4UjVuRHFNNC1xMURPZDRWS3JwVk5LaWJac2NpSVlDZ0RpX0tsVWJJQVV4QjZpd3hNb2xGNVR6LU5OdUNXRHNZUGxNazFta3pNY3ctN0lyLUJCVU8xejFUa3hiNW90aXljaFg?oc=5&hl=en-US&gl=US&ceid=US:en,MarketBeat
2025-05-01,Northern Oil & Gas boosts credit facility to $1.6 billion - Investing.com,Northern Oil & Gas boosts credit facility to $1.6 billion  Investing.com,https://news.google.com/rss/articles/CBMirwFBVV95cUxNZUtEcVdrRDlXRFFIU0txUFl5WExKZkZ0ZlRmNHZQZ1htVFVaRGxhQkZFZFpSUm9aT1otTDhDSlVCMDViZ2U4eXR6bktnS3ExRHhldTZYcHViMjZRNnVCNzBZdFJIRUY1VjlaTHhBRUpPc1VuNW5UQThTLWVDWDFLaFU3aGU0TDlmTktZYXpoRTVsbmJpSGRSNTNVTmdhcjh5VzUyZ3A1cmQxbV9wR1dj?oc=5&hl=en-US&gl=US&ceid=US:en,Investing.com
2025-05-01,Northern Oil and Gas (NYSE:NOG) Shares Gap Up After Better-Than-Expected Earnings - Defense World,Northern Oil and Gas (NYSE:NOG) Shares Gap Up After Better-Than-Expected Earnings  Defense World,https://news.google.com/rss/articles/CBMiwAFBVV95cUxQeGozSm5KNjdJamg0OS1yTkJMMGFCV0ZlQk5JdFhKQlFGdmlrWEYtYlp0bXBPNXpsR1ZHRVpZUzgzNDBWMkNLUTMtNzZKdTRnaE85c0J2cW1hSzQ2cjV3bjhtWEc4bVVJeHRteHlMcERLUjZRZi1sc1JzM01uR3F2LXNpdmpibzB1LUR1ZnNManlxOS1rSDAtMENzTWI4RVVKb0dNdVlsTkprMVZDY09rNFdCWFFXLXhKQkhDaHh6THA?oc=5&hl=en-US&gl=US&ceid=US:en,Defense World
2025-05-01,Northern Oil and Gas First Quarter 2025 Earnings: Beats Expectations - simplywall.st,Northern Oil and Gas First Quarter 2025 Earnings: Beats Expectations  simplywall.st,https://news.google.com/rss/articles/CBMizwFBVV95cUxPQTlxUWtYcE9McTNFSnA0TmpnclBTX2lIVWE1aFdLcnpIN21YcDlkdmViUGM0bDZzMWs0N240MS1xWlh2RmVPU3BpOUV1ZUlMUXV5SXAyUk1yWFkxSkc4bXRUZmV6ektlTUwtbVBZUnZDWE8wQWZlU0hnR054aXVzWDhRU1ZITGxPZmtFajMyT0R3cFg4WkcyZmlaR1dIVElHUE0xZ3FzM18ySTZCS2stdENpUTFvUjVkanhPVV9YeFhxem9UYXItSmpycVdOVGPSAdQBQVVfeXFMT28wRThjVFV5TDVWUkkxOVpxOGZWekJkZmt3VUpHbUdmUUpkYVI5V0ZYSXJuM2RESS1RRHZrWjZzOUxycVBVNTRHZWdNZ2x6dlZ2eXRXMzhRNEU4d2FPaTBxN2I1TlhORWtEZXNJYTZOV213ZjZZOVFreTMxRmdVTFBLWG01Y3JzQVdSY09KdksyOVY0R0ZlOExuNTA3T2RlWmUtLWstSHFGdnRlTmlhN0xCVkxGdHA3TTlFTWs4YTRhQk9Ec1dDTzdDOEdKdWRlRXRwRWo?oc=5&hl=en-US&gl=US&ceid=US:en,simplywall.st
2025-05-01,"Northern Oil and Gas: Strong Q1 2025 Performance, But Share Repurchase Ability May Be Constrained - Seeking Alpha","Northern Oil and Gas: Strong Q1 2025 Performance, But Share Repurchase Ability May Be Constrained  Seeking Alpha",https://news.google.com/rss/articles/CBMiuAFBVV95cUxNTEFKNTRfN04yOU5EY1lvajZTZW1wTV9zVG1KNEFyNzd2dE1raXJLN0EzUHI1MFR3WFd4cW5KTjNXNU5BUkhVZUNJVnVjcmhMQzJ4Y1ZlZGlrTU9OdmZENnl5UGpuSzItZTZZS09SXy1OTXp1UldsYXR2NW9BOXZuVGJhRjBEamRveTRGdkVROXlwdXFFblplYmdMQ2hIZk1BMkowaEptSFZ0aTM3ZDZvRHRJZmJ4S1Ry?oc=5&hl=en-US&gl=US&ceid=US:en,Seeking Alpha
2025-05-01,Northern Oil and Gas First Quarter 2025 Earnings: Beats Expectations - Yahoo Finance,Northern Oil and Gas First Quarter 2025 Earnings: Beats Expectations  Yahoo Finance,https://news.google.com/rss/articles/CBMiggFBVV95cUxQbDJ6QzJoMTJXYzlLejd6T2xCVlRlZFpKdU9PZ3pkcURhRElNVTUwWHdTcHJnUnhIUkU1dUNvNGtqSGhTbVctT3cyUk1YeldGSUMxbGpxR0JCNkFzYjRKVHo2VFY2ZjlyTHFXT0E5Z0NMd1VzY2x3SkNWcG8wVXI4ejJB?oc=5&hl=en-US&gl=US&ceid=US:en,Yahoo Finance
2025-05-01,Northern Oil & Gas Inc (NOG) Q1 2025 Earnings Call Highlights: Record EBITDA and Strategic Flexibility Amid Market Volatility - GuruFocus,Northern Oil & Gas Inc (NOG) Q1 2025 Earnings Call Highlights: Record EBITDA and Strategic Flexibility Amid Market Volatility  GuruFocus,https://news.google.com/rss/articles/CBMi8gFBVV95cUxPdWhiQVdEX2tCU2JScUVVMTFQV0F1OENNbmU3dmJIeThGa1l4VXJMelQ2N01NVDlGcWI3ZEdTWmdXSlY1dkdQMl9uNzMxZjRXd2FmRElWbloyYlBRQnNEbi1nRG01UDl3dGNmSlRuNkRaMmcwQlI5Ylh3YzFvWXowLWhlZnZLVmhsclNGMmdKNG1ZQ2Nna0NGUTlDQ1liVVh4Uy16ZmljbDQ4YXVBYkZkVzNCWkpZUDlnTGsxdWxVOEZYRXY4ekY2MFZtZjBqZkRPNFh0aWNZZUVocHN5LWdhajNkRFJrYXJyZ3FVYkxXbTlQQQ?oc=5&hl=en-US&gl=US&ceid=US:en,GuruFocus
2025-05-02,"Northern's Q1 Earnings Beat Estimates, Revenues Increase Y/Y - Yahoo Finance","Northern's Q1 Earnings Beat Estimates, Revenues Increase Y/Y  Yahoo Finance",https://news.google.com/rss/articles/CBMiigFBVV95cUxOaVM1QU5JbEMxLWxzZkZleFJZOGhXMnZwcjY4ZkdMRjNKZEN4cm1rUXZzUGVIOXBCX1NHN0FiNm0wV3BudHRIQ2FfWGxLcHpzYmk3a1gzeG9pUzhIN2V5MFROYWJfd3hscGZBZWc1YkxLUVlucVFQMDFSNHVfTVJBOGRtenp6NHFLOEE?oc=5&hl=en-US&gl=US&ceid=US:en,Yahoo Finance
2025-05-02,Northern Oil and Gas (NOG) Reports Q1 Earnings: What Key Metrics Have to Say - Yahoo Finance,Northern Oil and Gas (NOG) Reports Q1 Earnings: What Key Metrics Have to Say  Yahoo Finance,https://news.google.com/rss/articles/CBMif0FVX3lxTE82Z0FJLUM4RnptckQzUjlVWFAtbTFsOXpJLS1kM191eEU0OV91ajRyQ29KQ0JuMmZhNkNUWkdNcUUxNE1Zc0dZcERQWGliT2ptYzlWSFhzbTJHX0pXdDMzQWN3c1QtVlp3ZG1NM2RqSFBlT3FrWGlNSU9fYjQzcnc?oc=5&hl=en-US&gl=US&ceid=US:en,Yahoo Finance
2025-05-02,Northern Oil and Gas (NOG) Reports Q1 Earnings: What Key Metrics Have to Say - Nasdaq,Northern Oil and Gas (NOG) Reports Q1 Earnings: What Key Metrics Have to Say  Nasdaq,https://news.google.com/rss/articles/CBMipAFBVV95cUxPT3RoNmZfM2QtdXNMR3dUZGcyU3VEV3Q3STV6TWFiTmx5bkVRX250eE9SVFUwYmhIVkJrVFloRVZYRTU3bmZXUjE1VTJCakdKbFpRUmJCWXY5MC1RS2poQ2Rldjc2Z1k1dG54dVJ0bTljRjZ1VGpUeWpQTTFCU052aUNVaktjbWhJYktRS044ZFNsOEF3Vm9TbjZUZXc1VHhQR3BJOQ?oc=5&hl=en-US&gl=US&ceid=US:en,Nasdaq
2025-05-03,Capital One Financial Predicts NOG FY2025 Earnings - Defense World,Capital One Financial Predicts NOG FY2025 Earnings  Defense World,https://news.google.com/rss/articles/CBMimwFBVV95cUxPRnRRZlpmNFBKYi1RMWN1a3dpSGlnMHZxV2pyb015Mk9hcG1Vb3UtZy1DRU00XzVXN2ZYangyck9ZdjZVOUtRSC00MDBXTkhsa1RkR2V0OU5wU0RqOUU3ZDBFVV9GX1FhT3M0MDdmNEt2UkVUMThpSVk0MTJJRWhoUEJRM1dnck9VNWFmbTZDQWZxWWE2NjdqMTUwMA?oc=5&hl=en-US&gl=US&ceid=US:en,Defense World
2025-05-05,Q2 Earnings Estimate for NOG Issued By Capital One Financial - Defense World,Q2 Earnings Estimate for NOG Issued By Capital One Financial  Defense World,https://news.google.com/rss/articles/CBMiqAFBVV95cUxPajB2ci1pMDJYVE0yZUVidDYzUjM2Y1U4UjZlMU12VVV6V1JLUEdOZjFBY1BIZ1F0STl3Zm8xMDdqb3pyOWVWZnNGSGRQWjl3N0daQjQxWlkwbHlNRm1qRDRWTTZHMldUNmtxQlpVS081dUxheGV5bi1fcjVzNmE3eEpTbG9WQjlOUk85cUxMZmRiVV9zMFk2eDVkek5WXzg1RGJUUldyQWo?oc=5&hl=en-US&gl=US&ceid=US:en,Defense World
2025-05-05,Northern Oil and Gas (NYSE:NOG) Shares Gap Up Following Strong Earnings - MarketBeat,Northern Oil and Gas (NYSE:NOG) Shares Gap Up Following Strong Earnings  MarketBeat,https://news.google.com/rss/articles/CBMiswFBVV95cUxNR2hkZjQwY19kOThfTkppYjNFUU1fLU1pRUtidkJvUV9mbklPUUxZU1pITXZ4Rl9BRkN6cmJRZDJ4ZFk3ZGl2cFN6U1Z0XzJKek5ubGcwMGcxcFJ3M1U5d20xazkwZFB5d21xRGc0NXFGNUFHVG95eHZTbXZydHFRRjhTMmRCU2hpOGhUSEdzM3ZMYXQ3Y2doY3VGN25TUVhnaVF2WHhLMDlwRkp0N28xcUtNWQ?oc=5&hl=en-US&gl=US&ceid=US:en,MarketBeat
2025-05-05,Oil and fuel prices drop to four year low in Northern Ireland - BBC,Oil and fuel prices drop to four year low in Northern Ireland  BBC,https://news.google.com/rss/articles/CBMiWkFVX3lxTE02UHd6eTlNV3VMNjl3Si02ME1GQVFxUFV1ckJYX29kV0NtRXExeVQ2Z3pvTVlReS1TR0t1dE5YNWVnT3E2c21XUXpjNDZZNTFyWE5ITHpoam5IZ9IBX0FVX3lxTFB1eWJIeEhEeHdMY0VLNnhJRFEyS2FsSkc3aWhXbVhwLXNnN0ZBblM5a0NPcmZBUndzOUYxQklSaVcyLWJscmsxZnk4Q2xtZFVBWjZUSVNDSDRQOXBHRVpZ?oc=5&hl=en-US&gl=US&ceid=US:en,BBC
2025-05-07,Capital One Financial Forecasts NOG FY2025 Earnings - MarketBeat,Capital One Financial Forecasts NOG FY2025 Earnings  MarketBeat,https://news.google.com/rss/articles/CBMisAFBVV95cUxPaGN1SzVrUnhUdTB0bkFzTE56SXE0bjB2STVyd2JoblctSWJSWjFoeXo1UmtOUnhjOWlIemNRcmZsOW9HVXhmbGlzbmM5YlZ6M3UyNXJTQjFuTFNQSVk2Z0Q4d0ZnbkJVbmZyZmxiV3FCTktUM3JiSUlQSm9BcDk5T1Z3b214akFTbHpySlJwLWhIeFdnWkxDYVFmMGdGM3hZOUNVbkxPaFprYnhNTjNYRA?oc=5&hl=en-US&gl=US&ceid=US:en,MarketBeat
2025-05-09,Capital One Financial Has Weak Forecast for NOG Q2 Earnings - MarketBeat,Capital One Financial Has Weak Forecast for NOG Q2 Earnings  MarketBeat,https://news.google.com/rss/articles/CBMitAFBVV95cUxQVGwteTJxY2UyQnhHWUJ2UjBSVDFpSTFEVjdXajI1UERWVTVpdTJsY2xSUUt0NXYyRUVPSXlGYmRzTGlrN3VnenVJWTF2ekNEMTQ0dGZTZmpfalg1ak00ZThaVGlzcXNHOHlObXR0VEwwUVVpQ1g5WWhyTHVjMXhIYTRiVWxfUUUtS3FRbDIxS1lfU2Y3MGJVVi1URXRPRUxEVWdSVG55cmo1c3l2c0VEMGxnZFk?oc=5&hl=en-US&gl=US&ceid=US:en,MarketBeat
2025-05-13,"NOG: Mizuho Maintains Neutral Rating, Lowers Price Target | NOG Stock News - GuruFocus","NOG: Mizuho Maintains Neutral Rating, Lowers Price Target | NOG Stock News  GuruFocus",https://news.google.com/rss/articles/CBMirwFBVV95cUxNY1JfaDdwZGFnT0J3N2RwRmRwZEtGNzltWE9wTzZCRnBoU0JaSzFjYUY4M1JlYjFKNHBUS2xwcmZwRE93RVdlUTRjSVVic2FtZVpCWmZfSHB4Q0JnVGxORWFXdXlyM1pjN0hqMjhuSmZHQzRlTWFmQWNELWtJREJEQU9yZ1F6SDg1TXZzOVRubXJ0U2E4VThjTS1JeFY3elZyREhJbFVvNFktcFZpOXBv?oc=5&hl=en-US&gl=US&ceid=US:en,GuruFocus
2025-05-13,"NOG: Piper Sandler Lowers Price Target to $30, Maintains Neutral Rating | NOG Stock News - GuruFocus","NOG: Piper Sandler Lowers Price Target to $30, Maintains Neutral Rating | NOG Stock News  GuruFocus",https://news.google.com/rss/articles/CBMivwFBVV95cUxPcFFlUUFrcTFaaEc4Q19XbldNclFYLTFGeWl5MGZKVG9FUEEwUGJWZEtqc25scTc3dzY3R19fZEROVnZyZnVQbUJzemFTV0M1OHNaNE5oWGpFb2oyLW1fdkVyYmRNLTdBY0VXZFdxQTRCUFlLTW5rYm5JUjBFaG0xWDA4VGFNai1yeWl6d0dWN2RjaXgwOTZBY1g1cnAtS3RwNkE5R0M1LWZZZ0d5RVpBaVluR2k3c2ZKZ0FFOURmaw?oc=5&hl=en-US&gl=US&ceid=US:en,GuruFocus
2025-05-13,NOG: Northern Oil & Gas Receives Target Price Increase by Raymon - GuruFocus,NOG: Northern Oil & Gas Receives Target Price Increase by Raymon  GuruFocus,https://news.google.com/rss/articles/CBMizwFBVV95cUxPVlhXTTJfck5mTXAyRHRNQzFlS0NtUHIyYndiZjVVa3J6eDZNaFZCMEMtZ0NoblZWc0NpaW5zekhic285NE5qZnZPS1hWZ0hRa01oWkMtVG9uX192dndRd3ZXbkFCREVJbzFLZk1xb3V3dy1xMDJMd1I0blpJLUM0VEdyU2VIazJzRlItX3hSekNGTWM2SW5IMlJ2dWxEaDV0QWFfWVJFbGY3MnRIaHkyWmZxN3ppSGJ5eksyLTVBVDlSWjk4dm9aUzdyOVBMd28?oc=5&hl=en-US&gl=US&ceid=US:en,GuruFocus
2025-05-13,Beyond The Numbers: 8 Analysts Discuss Northern Oil & Gas Stock - Benzinga,Beyond The Numbers: 8 Analysts Discuss Northern Oil & Gas Stock  Benzinga,https://news.google.com/rss/articles/CBMiwwFBVV95cUxNTUd3aEdWd3NlcGRQb25OUWVZbnRXN1RRZS1ONUdHdmdZSFEyQjZGZTZLUE9jZVBKeXU4enFLVGFrSDdnbkxPOGIxMEhVeDFMRlBLalZNUWg5YXdvWVJyaGYyckhzMlBWZUtrU05hVkhsRkNsQ2RhSjI2WnFEZVhYcWxUeVZmSnN2MWpWd3hvWDVzQ01lcFVaS01QV09JMk92aDhZOGN3TUVtb09yYzVQU3BLSUNGeWZHaWNMdWtXLUQyRms?oc=5&hl=en-US&gl=US&ceid=US:en,Benzinga
2025-05-13,Northern Oil and Gas (NOG) Sees Price Target Cut by Piper Sandler | NOG Stock News - GuruFocus,Northern Oil and Gas (NOG) Sees Price Target Cut by Piper Sandler | NOG Stock News  GuruFocus,https://news.google.com/rss/articles/CBMiuAFBVV95cUxQTjdsS09wdkk5TTJaUEVjMlpRQXBVRUh6bnZBdy14OGVBMXpiU0trRFd6cnFhSU1XbXg0dFNHdkh1TjhONjJYWk95d2tBSnBNdVg2MnNvNVZ3MlFJNnExWWFlbTFWZGtueFFfcktOVTl2bU12U3RWczM5T3JycGdESml5VUVOMkRWWm9tWjhlb2ZNeWVVNmgwc0Q5YU9NZjFqb0gwcjhGQU9QSGViZFV6RUR5c3I5MElC?oc=5&hl=en-US&gl=US&ceid=US:en,GuruFocus
2025-05-13,"Raymond James lifts NOG stock target to $36, maintains strong buy - Investing.com","Raymond James lifts NOG stock target to $36, maintains strong buy  Investing.com",https://news.google.com/rss/articles/CBMiwAFBVV95cUxPQ3JDOTIzRnlfbGxFVXA5akVIVVlsZnNXOThqOUVPbmtRdmxEMjNNWi1LTG9ubEIzbF94NFdUTEV4aE11dldZNjVpY01NaEFKSC1sLTY3LWlSTmZsdF9GV1FQQVhPcG04cUlrUzIxZGtIREpaTkdKZW1iNDNpRDdMLVNseGRUWjhRWUlydjBYeFE0WVgzZlB3Y1ZCeFQ4MldzMmp3b0lQbXNtMTZibXVDUzd5RmVJN2N1ZWU2VVF2S3Q?oc=5&hl=en-US&gl=US&ceid=US:en,Investing.com
2025-05-13,"Raymond James lifts NOG stock target to $36, maintains strong buy - Investing.com Nigeria","Raymond James lifts NOG stock target to $36, maintains strong buy  Investing.com Nigeria",https://news.google.com/rss/articles/CBMivwFBVV95cUxQM2xQbzk0bEpqMnVmU3ZyaG8zSmlxMHQ0NXJTRHptMmIwQnFUeF9PZlBzOTRQa21pSThBYXJ4UEFPNTg1UFE0VnptcUZ2WC1oYzRQdDJmcXFteVN0SmJqU3RMLWlZX25ZY3ZHc1M2b0pnbXBBblktUTlaYWRXNDNxM3dPQkhqZk03OC0yTndWRm5vSWlDOWZ4UFlFV1dDSDl6NTlycWdNblRJNVFNNXhCejNqT0o2T0N6cF9pQjlGdw?oc=5&hl=en-US&gl=US&ceid=US:en,Investing.com Nigeria
2025-05-13,(NOG) Trading Signals - news.stocktradersdaily.com,(NOG) Trading Signals  news.stocktradersdaily.com,https://news.google.com/rss/articles/CBMimgFBVV95cUxOUHVlM1kxeFRTQndQMVdwS1dqTHNuM2JyamoteDdDNmxWeFhZSkJUVml6dm95UVpOUzJIN25sYm1WUG5PbVNJbHhkanNWWnNvckZxLXZMbnNJWlQ0TEYyOTdTV0dGdmNZaEdOUmFvQXp2RGhzN1hRSzM0eFBDOUVHcXhoYVNCSzRBYVBoaFJuU3k0MXlMck1zU3ZR?oc=5&hl=en-US&gl=US&ceid=US:en,news.stocktradersdaily.com
2025-05-13,"Raymond James lifts NOG stock target to $36, maintains strong buy - Investing.com Australia","Raymond James lifts NOG stock target to $36, maintains strong buy  Investing.com Australia",https://news.google.com/rss/articles/CBMivwFBVV95cUxPcmhMVXg2WlA5VUhpeTB1V1gtM0JLVC1VWkw2ck1yeXktblVRWElFYllCVDNvc0hMTWRDZGpLRUJid0xsSTkzb1hCbk9odEo5clJaSV9nckNuV25wUi1meXpmZnEtQ3pkX281TVd4amx3Mjh2N2U2eHpBUmExZl9mU0o0cllvcGJ0emR4Zm5zTzFKenpsX0NYZDRRUE9SWEcxTnRaT1pTeDhfUDJ3S1AzZDVQVmNyME5LaExVSDhsVQ?oc=5&hl=en-US&gl=US&ceid=US:en,Investing.com Australia
2025-05-13,"NOG: Mizuho Maintains Neutral Rating, Lowers Price Target | NOG Stock News - GuruFocus","NOG: Mizuho Maintains Neutral Rating, Lowers Price Target | NOG Stock News  GuruFocus",https://news.google.com/rss/articles/CBMi4wFBVV95cUxPUGNrWXhEcW52ajFURUFuVkhpYldJNVVuOHRIdktyVFdZRjJEZ0dVUVdkU3ZkV3ZnTHNHWldOcTIzNDhsMURZNUQ2bkhrVy11SVp4Q3JJbVZtZEJCSmUwSzlEQXE2QlphSDFKMVNyekhqek5rc1RDV3gyRnIybzBGTkd6aFJfdXBrUWtiSFZia083Qnc1T0pieGdiekxWYm5Tb3Z0Wkt5ZDR1b25OMkFNbGJLeWpnX2JNSzZVSFVGZ2h3b05SSDc2Rmg4OWdSYmxYUWl5cC1Sem1NRXhDQXo1WXJ3UQ?oc=5&hl=en-US&gl=US&ceid=US:en,GuruFocus
2025-05-14,"27,923 Shares in Northern Oil and Gas, Inc. (NYSE:NOG) Bought by Brevan Howard Capital Management LP - MarketBeat","27,923 Shares in Northern Oil and Gas, Inc. (NYSE:NOG) Bought by Brevan Howard Capital Management LP  MarketBeat",https://news.google.com/rss/articles/CBMi2wFBVV95cUxNRnVBWXNZQWV0VEZaTE5zaE01WUZTTTl2VEFyaHNNMFMyUERrUk5DYXZpQ1hmZ2NyQXZBUFBKcGRfNFFicUlRMFdjQ3FWLUpmT0Vrb2pRUUlVVjNqQ3E3T1N3WUdsSHY1Ukd1d2JEdjF5dG0tdWJ5Y1dZbHZKd3h1UUNuZllMODRCLUxqT3hvLWZTdjZOMXdSbDlyMFNqeGRVRkMxUkhlYjVlaUdrbElBM0FqN2tRWnBhWjhDUFFIY0h0TTRydkJQWnJZTFo0eHU4RmVHdlc2Q2F0WmM?oc=5&hl=en-US&gl=US&ceid=US:en,MarketBeat
2025-05-14,"Northern Oil and Gas, Inc. (NYSE:NOG) Shares Purchased by Northern Trust Corp - MarketBeat","Northern Oil and Gas, Inc. (NYSE:NOG) Shares Purchased by Northern Trust Corp  MarketBeat",https://news.google.com/rss/articles/CBMizAFBVV95cUxPVnZGN1JVd0VFV3F6TC0zRjNScGUwN1plZ2NDdlNCM3NjbGNGR2V1djg4SEdPbkQ1cVpCc2FEWDlUWllIRHJ2S3ViT3lDYl9Da2FjLXE2bExtc1NXVHdNZzdrQVRRZlYtaXVmZ2ZDdGd2Ry14RjZRanJhWnJBWXV0OTZScjFLRVNKTl9HR2J2R044YUNiNlZBMVJ6NjlVVzdxWXgyQjA4S2NpSlBCVnJlX1J2YWlyd2VwdHFzMzhPaktuUWpiRVVYYlEyQXA?oc=5&hl=en-US&gl=US&ceid=US:en,MarketBeat
2025-05-14,Northern Oil and Gas price target raised to $36 from $35 at Raymond James - TipRanks,Northern Oil and Gas price target raised to $36 from $35 at Raymond James  TipRanks,https://news.google.com/rss/articles/CBMirgFBVV95cUxQRktPVDNYRy1kSWNXUVAyQmhabVRpbkFMWjV4RlNVUHpYcG1ISkVXbTlySWxBZ3dxNkRMbm9wMkhCMmxzdV9nb2pKS2JiN3l6MVJzeE54bVNKRElBOEwyVmpKSDNQMlZQOVFGa1BhQ1RsSHRTNEtVNThaWE9XellYUlhSczQ0UlZGMmlmcW81RmZRVTFFUEdybk1DT0tQNjF0M0FYcjhheUVNMUdHb2c?oc=5&hl=en-US&gl=US&ceid=US:en,TipRanks
2025-05-14,Northern Oil and Gas (NOG) Stock Target Raised Amid Strong Q1 Pe - GuruFocus,Northern Oil and Gas (NOG) Stock Target Raised Amid Strong Q1 Pe  GuruFocus,https://news.google.com/rss/articles/CBMiwwFBVV95cUxNakZwTk93N1FvOG9VdVFNb1FCUnRjLVB5OG8tQzhrNXBuemh0Rk9IcWJubUktTktlSTgwdDdCYzE3Zk02MUw0WkRhTl9Da0c4dm1JNkNHR3VDbHZDLXk2aEkzUHZPRWQ4Wms3UURNMERobEZ2MlNobmt2UHl0cnNWN2NBcElRQ3RfVkstcXZmV3ZUWDd3OGJ5X2xaYjcyWVgxeE9aRlZGWEg1MDB1RWtMcjQzWmppVWUxOERrX29Bbm5oQ3M?oc=5&hl=en-US&gl=US&ceid=US:en,GuruFocus
2025-05-14,"Northern Oil and Gas, Inc. (NOG): One of the Underperforming Stocks Targeted By Short Sellers - Yahoo Finance","Northern Oil and Gas, Inc. (NOG): One of the Underperforming Stocks Targeted By Short Sellers  Yahoo Finance",https://news.google.com/rss/articles/CBMiekFVX3lxTE9PeTE1SmVtMl9UM1k5NjFINXN5eEYtLXBsQU5GSVhwOFNhTjhzZXpkcVBpM25kWUxzYmJKNmNyM0ljbkFNc0x0LXpjOU43UHp5Ti1GUDlEMDR2TlNYMzZqbXFhbVVwUEMzXzNCb0k2aWNmdjVLQ0lMcnBB?oc=5&hl=en-US&gl=US&ceid=US:en,Yahoo Finance
2025-05-14,"NOG: Piper Sandler Lowers Price Target to $30, Maintains Neutral Rating | NOG Stock News - GuruFocus","NOG: Piper Sandler Lowers Price Target to $30, Maintains Neutral Rating | NOG Stock News  GuruFocus",https://news.google.com/rss/articles/CBMizwFBVV95cUxNY29tcURjdkJOSUxhQUNiei1waWFqUm9qc3hxeGk4VzlWNHlVWGdYVGhkQXNoVVpSRTNyLVU3VkJqX1pZcWRhQTRHYWFvQS1kRmtCUkVfQVNsRG9va3pDWmVMZklTUXZzaTFXbUI2eXc1aHJveV9HcmVDWUVQTDlWa0Q4MzBOaWxaNlpsZ0FUVFJDQkhHSFJBRE5MSDg3RnR6U2x4LXJraG5qTlBqNWtWUTFIX3JHb2V6eUR3a1MxQkpjQmphaVh3aHdhRExJQlU?oc=5&hl=en-US&gl=US&ceid=US:en,GuruFocus
2025-05-15,"Why Northern Oil and Gas, Inc. (NOG) Stock Skyrocketed This Week - Yahoo Finance","Why Northern Oil and Gas, Inc. (NOG) Stock Skyrocketed This Week  Yahoo Finance",https://news.google.com/rss/articles/CBMiekFVX3lxTE5uNk9fVjd2T281MUNKTWVWcXl5dTVhU0ZsSklOa0lDVS1vZE9NV2FCMm5hLUFzOWphb2VUdnVGYV9yNlowWERLM3I3RUJQalNzU3Q1RGxxNHlpVFp2NVcxOVllRnRJa00yQ3NBd0o0clVfLU9Pd250Z013?oc=5&hl=en-US&gl=US&ceid=US:en,Yahoo Finance
2025-05-15,"Schonfeld Strategic Advisors LLC Purchases 12,347 Shares of Northern Oil and Gas, Inc. (NYSE:NOG) - MarketBeat","Schonfeld Strategic Advisors LLC Purchases 12,347 Shares of Northern Oil and Gas, Inc. (NYSE:NOG)  MarketBeat",https://news.google.com/rss/articles/CBMi3gFBVV95cUxOX1FWY0NKMkZVOGRtOFlBLWd3Tjd1eGl0dDFXZjBBUGhpR0pGREtZeG1tX0x4UUtmc0RFWUVnOTBjSVpSOW5oQVZEa1NwaW5jY1ZpLWM1OVh6dlluS29PRXZ5SUFHaFFNN1lBR0pWN2RCT1ZqYmIwM1ZsWUw4UllBN1hDa3RqXzFYcEl0cndjWWl0ZExrZVJHb1RWNUdZaURnODFnRFRpWnJCZmwxYzlTdWw3Tm83SzZVUkI0RnRMckdtMkYzTHczRHpMcERsUHBDZlZXSTZUZHhZbTczQkE?oc=5&hl=en-US&gl=US&ceid=US:en,MarketBeat
2025-05-15,"Why Northern Oil and Gas, Inc. (NOG) Stock Skyrocketed This Week - Insider Monkey","Why Northern Oil and Gas, Inc. (NOG) Stock Skyrocketed This Week  Insider Monkey",https://news.google.com/rss/articles/CBMipwFBVV95cUxQMzRjOG9zU1RIem5PTHJ3Q3NwcEFRdnR6Q0QwN1FmeThGaUZhUVg5UDFTQkpRSnN5T3QtWFJ4alNBVkk3dmJ3NWl3UlRwOVg5b3lIYTNRV1ROcDF0cFpnd3l1WmowUV90QURFZUNnTFJlZTE4NTZwTXNrX0VPeG1laU96ZGlwUmZSeE93Rzl0ejRkNjdKWVVZM3FYdC15TEN2YXVKVk1VNNIBrwFBVV95cUxNS0IwbG16OF9DQ2xsUU0yV3B2S0VERmc0TUtLUkhZME9DVmtPTDItaUd6SFNmbDJWLWZqNEhxdWgwNlNzNUl3MWpSS1lnYXZYenNqSURvdVkxbTh0UFN4YzA1bFJNVmlNdkE0a0hyaHpEaTZZUDlZbldGLVYteW1Pb0hJcWpBYWhTX3lkZWpWNEtUUHJtc0UtbkFtcE9oNmIzMFd2eE5WRmNQVGVwYnN3?oc=5&hl=en-US&gl=US&ceid=US:en,Insider Monkey
2025-05-15,"Why Northern Oil and Gas, Inc. (NOG) Stock Skyrocketed This Week - MSN","Why Northern Oil and Gas, Inc. (NOG) Stock Skyrocketed This Week  MSN",https://news.google.com/rss/articles/CBMi1AFBVV95cUxOeWJMZ1RjeUxGQjE5ZUdJTHpPeTdKYjlERk1lLTAzNXRZOHFINlBkdnN1b2VESHVaUTVMRDZiSWJKWjh0eUtMa1kzYmVEenYwbDRwWWc0MnNwT3d5SHZGa3Y5YjJlWWF6b3BERndWa0Z3dWdKU1VLRkJEMXVFX0o4eWxIc2ZYLUNoZVdNVlV6Y1lvcEx5dUQxbVRTNDV5c1BMZVRVd29ZM0JMV1pFVDM3STlmcHFndWJMUEQ4T1BIVWlmXzBmSVpkaW0tMmx0UXk3Nlp5eQ?oc=5&hl=en-US&gl=US&ceid=US:en,MSN
2025-05-15,Why These Energy Stocks Are Gaining This Week - Insider Monkey,Why These Energy Stocks Are Gaining This Week  Insider Monkey,https://news.google.com/rss/articles/CBMilwFBVV95cUxNY1NPSWE4ZzV4QWlkRXM4alJTVG1pLWtXc01BT1V3YkdHRXlUZEJrV1gwZlFhZXFjOHdyOVc2eFFQUjVLaDllUW9YXzhaY1U0anY1Q21CTFNTeEc1Y3BFY01NVDBJY0tYOWRaRFJRRk4wZ3NJZHhxTkJrSGFxTS1FYkFpN0FVaTljMFB6Y0p1NjdxWlF4Q3Nn0gGfAUFVX3lxTE13YlFSUVZCTE5wMTEyODZDN2ZabEs0dDBHQ3M5TV9lUnJ4bzRKaGo4ZUE4bmtNeVJHc3hLTVBHaFJCZ29tLUtYVGk0N2lmcl9tMUo4ampiaDNwNVFVYlY0bjlqbXpkNWhWaTg2M1NNM1R0Y2UzVmFsWVI4N1ZRNUhBNEFzV2NzcXNLZ3ZPRkRURVJSYUp4bGZpSEd3RkFPQQ?oc=5&hl=en-US&gl=US&ceid=US:en,Insider Monkey
2025-05-16,"Cresset Asset Management LLC Lowers Stock Position in Northern Oil and Gas, Inc. (NYSE:NOG) - MarketBeat","Cresset Asset Management LLC Lowers Stock Position in Northern Oil and Gas, Inc. (NYSE:NOG)  MarketBeat",https://news.google.com/rss/articles/CBMi2wFBVV95cUxNMkNtVFgzR3daUEhQM0NmZml4Z2JrYlM0Vk9vYTIyVFlSQXpmZU1xQy1IdnFUZ1lkeWh6TkFaQTNwRU1XMVpHeWNXQzlrWW1WTUNyTGEyVnFxTXk1eVVMTUFJMnVuU3BkeFBZdXRLZzJuNE93eFZBb3N0cjFrOTlyT0FoNVYycFlKWXdySDMxQThPZmlnZ2NzYTRLWTI3TjVZQnd3N2JWdVB6N0J0Skp4amwwYkt3aFE0WEtBS243ZmZzRWQyNGtXYWhMaGFZMmYyRmdzZU52TUhaRWs?oc=5&hl=en-US&gl=US&ceid=US:en,MarketBeat
2025-05-16,"Northern Oil and Gas, Inc.'s (NYSE:NOG) CEO Compensation Looks Acceptable To Us And Here's Why - simplywall.st","Northern Oil and Gas, Inc.'s (NYSE:NOG) CEO Compensation Looks Acceptable To Us And Here's Why  simplywall.st",https://news.google.com/rss/articles/CBMizwFBVV95cUxPUnJQaERsSFc4T1JGS0pldWV4NENMYV9Idk1rM2JnWXZrbTVjTGs3RHNnOTJYRkdGV2pjSEdfRXpxSW1tekVJRW11MHdnaV9LQXpQN21vTGpBX0EwMTAwVm1UdWx5X2Y0N2VtRm9RTldvUDFCclhYTDFid3lCeWQ4Y2VCX1ZYa0R2QWtsTi04ZU9PbEZFS3JJTnhPVGRMNlJnU3Z5MW1SQzNIX0llaTRKZXcyM3lWZ0lVUWY4OHlTZW16bDNIN2hEUEpSNjBrX2fSAdQBQVVfeXFMUGZsUFVMaDBqY1UzaXNZMzUwMUxDT0wzaE82WHMwWHgzUVJ4S0ZrWXFQMjdxeHVsZnl0TGNnLUNXdlFtRHNVeGRlWGRRR2ZJaHEzNWZRam5tVmhlRnZhTkhVU2ZrY1Rvb2ZhMzVITGFidVdFTHE0TUZpU19JZ3JDVlZhTG1mOEFQVXg1Mks0NE1oN3FKZF9FUzhuemlkM2dGb0x4N1FGOVVZRi1LRVlnTHRyZ21Kb3ZRSzdsMDZWTElvZXBaYXJyR3BjbmRfTmFleEVVaGs?oc=5&hl=en-US&gl=US&ceid=US:en,simplywall.st
2025-05-16,Zacks Research Issues Negative Outlook for NOG Earnings - Defense World,Zacks Research Issues Negative Outlook for NOG Earnings  Defense World,https://news.google.com/rss/articles/CBMiogFBVV95cUxOWkFURUtqcDZMTk16eHF1RjZpQkpGSWxVZkcyQjMxX2p1bVhyY1oxMFdCMktuTlZQWDNoMWZYdHpKRDU0ZUVOM0d4ZHlBUHlkOWlmVWJpRHhIY1Z0SzNuRGJyUzdjMUFlUGp1MXJGeGRaQnVBVzQwM3A1d0d3VEFVc0ZVa1ZfT3o3WGJlQWxubXpNMmNPcGFkcUVkZTA5am1GQlE?oc=5&hl=en-US&gl=US&ceid=US:en,Defense World
2025-05-16,"Northern Oil and Gas, Inc. (NYSE:NOG) Receives Average Recommendation of ""Moderate Buy"" from Analysts - MarketBeat","Northern Oil and Gas, Inc. (NYSE:NOG) Receives Average Recommendation of ""Moderate Buy"" from Analysts  MarketBeat",https://news.google.com/rss/articles/CBMizAFBVV95cUxQUkVJNnEyQ3pBZXJTT0FfNDRBdUVZeGdUcWR5NDRvNnRuUXRsUDVSNWNQMm5CazNRLXFZZUN1MnE3YTVQMjhLM3RlZWpoNkJ0WU9qMG9hWlNkZjNmMWw1Y2xIcmdLdnBFZW1aNnplNk81NHg0WWo4ZnZlYVNqamxxWUxxWi12T2NNWW1WTFF3ZXVKQVR1cGJXd2Y1QlFmYW5uNzlBejNqbDduYkZsNXBPU2VtTGlSdnd1cEFmbGZvNUZhQzctc0pkN0g1WTM?oc=5&hl=en-US&gl=US&ceid=US:en,MarketBeat
2025-05-18,FY2026 EPS Forecast for Northern Oil and Gas Cut by Analyst - Defense World,FY2026 EPS Forecast for Northern Oil and Gas Cut by Analyst  Defense World,https://news.google.com/rss/articles/CBMipwFBVV95cUxPaFRMMEc1b05BQnRjdWdRbjNjdEI0WnhZUUotV1NZeGRvUkpjUHpLZnE2Q3NxaHhsM2l4aDJVZ0llV0RVU0xpYU5POVpvM2ZmX3N4V1VBbnh3LW9uTFlUYmR0MVNoTFRfUzRLYkp4RHJMNWxfWHpYRzZDOWVSR3Rsb0I5X3g1elBhSks5bHIwMjV5Mkg2aEJnajl3SjJnbEJyWW1jcXM3RQ?oc=5&hl=en-US&gl=US&ceid=US:en,Defense World
2025-05-18,"Northern Oil and Gas, Inc. (NYSE:NOG) Shares Bought by Graham Capital Management L.P. - MarketBeat","Northern Oil and Gas, Inc. (NYSE:NOG) Shares Bought by Graham Capital Management L.P.  MarketBeat",https://news.google.com/rss/articles/CBMi1wFBVV95cUxNZlQwU0NJUF9HQkNNeVRid2d6TUZRWWJiTzdNZkFFZzRQS0RYRW4wNmVTLUJ0NGhZZGJZSDB6X2lVaU9iR0tqWDNKSXhLeEtwZDI2MmlkMnJmcGJ4ckZ3dXVQc2RyUVJFWmtQb3RhdHRheUVDRlozcnJnQWJ4bjcxNG9ZVDFnNWxqY1A5bjVQVDRETzBmNXhTYnNCMkx2TGw4RFhTTEhLdWUxa1FpeV9WelVEQlotU3J6UHBRcVFxQi1zaVc3MC1NTTN1eDFIRzlHSG0wRk85QQ?oc=5&hl=en-US&gl=US&ceid=US:en,MarketBeat
2025-05-18,Northern Oil and Gas (NYSE:NOG) Price Target Cut to $33.00 by Analysts at Mizuho - MarketBeat,Northern Oil and Gas (NYSE:NOG) Price Target Cut to $33.00 by Analysts at Mizuho  MarketBeat,https://news.google.com/rss/articles/CBMivAFBVV95cUxPZGgxS2VFdTNNU2NCYTFpaU5SSzU1S3g4Wk55UnpsVGFyNExfUVkxcWFrN0ozY2lLZW51MzFKUEp2RzJaYXBXeG1GVXhEN2VIXzFoZ29GMERkdkM4dVk5Sk1DR19FTk5ibkNmVU1fZXlSR2ttTkpTOVNwdWFwNm11aEVPbGhjUU12Z09RTGVwOFA4bEgtczUwT1BEZDJiQmdKb2ZOQ0hCek1XdHE1cWpTU2RQUXdBLXVmMmdCTQ?oc=5&hl=en-US&gl=US&ceid=US:en,MarketBeat
2025-05-19,"Hudson Bay Capital Management LP Sells 20,607 Shares of Northern Oil and Gas, Inc. (NYSE:NOG) - MarketBeat","Hudson Bay Capital Management LP Sells 20,607 Shares of Northern Oil and Gas, Inc. (NYSE:NOG)  MarketBeat",https://news.google.com/rss/articles/CBMi2AFBVV95cUxPT0lyeHZrN1lsNlNFRjlWWGl2TDkxLWdYdjB6WVZlejJvRkZicS1hNTVsNGthVzd0OWFINThrdnFMRW5ta1pTczIyeXBuR3AwcDlSTTVYeld1QUpnVTl0LWpiWUhvOVcyQVpGUm43V0wwd0RxaWpMY2ZObGFXOEFjLUYxV2lnb0hhWk5zbXBiQ0tvOTZFalc2SjFDWFBVdjAtMjBkdjlpdFIyMXNHb1JPbXhpMFR6S2xHSFBST3ZrTnJ1UHIzMkd5eUVxMkNJamo2NWtRSTVBcTU?oc=5&hl=en-US&gl=US&ceid=US:en,MarketBeat
2025-05-19,Analysts’ Weekly Ratings Updates for Northern Oil and Gas (NOG) - Defense World,Analysts’ Weekly Ratings Updates for Northern Oil and Gas (NOG)  Defense World,https://news.google.com/rss/articles/CBMiqAFBVV95cUxOeUF1WmJ3Mmxrd1hTTG52dDIxY2ZwS1B0cFNGVFRIVUloaVhqaXN0dkYyZjNRbzdqQWxCaWkyLXRvcHZfaFNrN2N3NnJnbzVOVTRLTFRtWHp5blVaVUoweDBzX0RIZUhwRVBUeVp2VmxiS2ZncXd3M2lnRVNYbUtVdDZzNUpQaUNtX3JoV0lTVDlQLUZuQXVLeW5VamZWVHNnM1RkbTlPdFQ?oc=5&hl=en-US&gl=US&ceid=US:en,Defense World
2025-05-19,"Lighthouse Investment Partners LLC Invests $3.16 Million in Northern Oil and Gas, Inc. (NYSE:NOG) - MarketBeat","Lighthouse Investment Partners LLC Invests $3.16 Million in Northern Oil and Gas, Inc. (NYSE:NOG)  MarketBeat",https://news.google.com/rss/articles/CBMi4AFBVV95cUxQM0FUYUE0QWZoRkp3SlAtTTE5cXFWcllYMHU2UndmRllXLWprdVkyNW1Tb2JTS0xyWjREeXg0bzRHeVNPZS1UX2xZMHAtWmhmOWJpMHN3YTJjeWlQVl9iM1d2V2J2NEpWSFdmOFBHUkZ5MW0zaUYyeFIwSElTWlFndFpiSVNYTC00UGYtTlUybThva0FKRU5XN3Q5TENrX3Q3WFZ5M0xpWFN2cmdLdjdycFdrelc0QVNYSUJFbUtEWnpTWW9XRUdRX01RZjFRY01Tem5xbXhNQnA4UEsyTzFSXw?oc=5&hl=en-US&gl=US&ceid=US:en,MarketBeat
2025-05-20,Zacks Research Has Bearish Estimate for NOG Q2 Earnings - MarketBeat,Zacks Research Has Bearish Estimate for NOG Q2 Earnings  MarketBeat,https://news.google.com/rss/articles/CBMiswFBVV95cUxPM0xKM1pybFZNUnVzWGpEWjlucWo3MHllUUNYcnB0cE1tdU9sRXRMRzVTT1lwa0ZXOXF6QldqMjJ2RG5XaFBjblduN2kzUEF6ckNDeTZIVHZJU3NMOHQ5M3V1SDYyc0Z2SUdOdWhHbUI3eFhjV0xYQ1lueFk0Tlo1bnhPVzVIbHFzMU1QYl9vX1VlaXFQRkI4RnA4SUwybmhFQ3JPMW1XeElOWmdwTHBWTnlYSQ?oc=5&hl=en-US&gl=US&ceid=US:en,MarketBeat
2025-05-20,"Gotham Asset Management LLC Takes Position in Northern Oil and Gas, Inc. (NYSE:NOG) - MarketBeat","Gotham Asset Management LLC Takes Position in Northern Oil and Gas, Inc. (NYSE:NOG)  MarketBeat",https://news.google.com/rss/articles/CBMi0wFBVV95cUxOcGRDbzFidVB6eHozTmlWYkdKQWlrV0xnYWVJbllyUVhLckU5Q2tQbmIzcnlyVlB0eW9jNjlwZjFKbmpOUGk4RTJxekxSbmRKX0FhUGtMaks3TFNoWWFFdWFFMVdvRjdnb0Z2aG9PSXluOWpZS3YxMHhmdUZ1Y2Uxdkp3cFFyOVZEQVZuZVlsMkVZNnFvRXV4cDN1M3dqZ0NxWDA5TWN4TWV1QjF5S1FhazNGcUdrQW9JTEhOR2JWNEMzRVZma19aSGlIXzBnVWw0Q1VN?oc=5&hl=en-US&gl=US&ceid=US:en,MarketBeat
2025-05-20,"Teza Capital Management LLC Buys 21,834 Shares of Northern Oil and Gas, Inc. (NYSE:NOG) - MarketBeat","Teza Capital Management LLC Buys 21,834 Shares of Northern Oil and Gas, Inc. (NYSE:NOG)  MarketBeat",https://news.google.com/rss/articles/CBMi2wFBVV95cUxQRFd0Rm1aRUxwbzhDaEJHM3hGYXhHb0lJT2dUZWhEX2paSEYzeVcxYzJYY3NlNHZ3M0c4MlpWZzJvTXduRDc0aVk4enRVUDJ3bEpEcVJNZVlpQ0NidGgtMUtTTDhOTk16Q3ZoZERFRUlWR2tWenVSMlhqaUxNa19pa3NmUmdFM0RiM2x2Ql9GMUpPdmVkUjFRcm5GUDhMeWR4TzhrQWdacjFDZTUya3paRGl6UktHMXFzTV9ORGJXaThXeEdQeDc1YllvZ2hPUzRITjUyanRvVXRNSms?oc=5&hl=en-US&gl=US&ceid=US:en,MarketBeat
2025-05-21,"Silvercrest Asset Management Group LLC Acquires 27,556 Shares of Northern Oil and Gas, Inc. (NYSE:NOG) - MarketBeat","Silvercrest Asset Management Group LLC Acquires 27,556 Shares of Northern Oil and Gas, Inc. (NYSE:NOG)  MarketBeat",https://news.google.com/rss/articles/CBMi3gFBVV95cUxQYjZSVXhUbExqbF9xd2NQdkF2enBXMVMwUXNIYnNpdkpXUjEwd0dzajlZaDItMUtPa3Z5Q05hTXBpdXMwYU11YnBsbjU2UFhvTzlCdklvSndZZlM0elZEUnpUSEtPUWtaRmhuSm10My1SckhwMUZMRXh6c0NxbG5KTDQ1TDE0R0Znc2FPQTV3V05ZTGx0VXBZNFpDbVVhN04xQjRkNHFXdEFZWGh5a29kUzFRLXYtcmc3Zl9RbWVYR1V0UHNieklTWVZPY1FzY2twR2NJN1JHUEJtd21CMVE?oc=5&hl=en-US&gl=US&ceid=US:en,MarketBeat
2025-05-21,"Northern Oil and Gas, Inc. (NYSE:NOG) Shares Sold by Rafferty Asset Management LLC - MarketBeat","Northern Oil and Gas, Inc. (NYSE:NOG) Shares Sold by Rafferty Asset Management LLC  MarketBeat",https://news.google.com/rss/articles/CBMi1AFBVV95cUxOMTN2Ujg2djRLT0VXa2tLejJfUWxrbVk2aHlTYzJEVWhhblNVaFRHQlBoc1VabkE0U1d6NmJPVEJRUFNrU3luYjY5SmE3T19Ua3A5TTFxZ1NBYWJjRy1OMkROZXh2eGZvRGxHWHpwanF5aWtreGhkSFExWnN4Slc2VWxmUHhkSDZsanloelh3c3QzektFOVVzbk5MaTI0TjBTT05KdGlTUG1Udkh2aVY5NnhjY0M1aUxsdG00NE0yQmcwQTRiVGF4YVZtR3ZmU3ZSQnhzVQ?oc=5&hl=en-US&gl=US&ceid=US:en,MarketBeat
2025-05-22,"Balyasny Asset Management L.P. Cuts Stake in Northern Oil and Gas, Inc. (NYSE:NOG) - MarketBeat","Balyasny Asset Management L.P. Cuts Stake in Northern Oil and Gas, Inc. (NYSE:NOG)  MarketBeat",https://news.google.com/rss/articles/CBMizwFBVV95cUxPS1BoQzYwUXhxOXRJUXBNY3NGVGxxX2Via1p6YWV2M1NNWGU3bDBZRU9aN1hwb0tHVXV1bWEtS1NHRkJaNHpuZ2dwYVhzamFXZFltM3lvZjcwZnNnV05PTGlWSHlPV28xQnY0TGMyVUZUbW96dVQ4YjBpQ3JtUURkemNmdFR4SWU4bkM3RHJrbTI4V05WZUlXazRYYWpJaHo1MnFraGUzcHc2S1BmcExKdjlqV1NJdmtYYWh2TGg3bDlvaG1mSktWV1RoLXR2VEU?oc=5&hl=en-US&gl=US&ceid=US:en,MarketBeat
